temp_c_media,temp_c_mediana,temp_c_std,temp_c_min,temp_c_max,power_w_media,power_w_mediana,power_w_std,power_w_min,power_w_max,util_pct_media,util_pct_mediana,util_pct_std,util_pct_min,util_pct_max,clock_mhz_media,clock_mhz_mediana,clock_mhz_std,clock_mhz_min,clock_mhz_max,ecc_errors_media,ecc_errors_mediana,ecc_errors_std,ecc_errors_min,ecc_errors_max,estado,episodio_id,ventana
55.07333333333334,55.4,3.104716471405415,47.2,59.9,205.4266666666667,208.8,20.073123794033023,168.6,236.4,68.07333333333334,67.75,11.203999696331767,41.0,87.4,2404.233333333333,2402.0,28.463749884217016,2344.0,2462.0,0.03333333333333333,0.0,0.18257418583505533,0,1,normal,0,0
55.45666666666668,55.7,3.2303179445665258,49.2,63.6,200.5733333333333,205.05,20.208498269264116,154.2,232.3,71.57333333333332,70.15,13.219706641153612,46.8,100.0,2402.366666666667,2410.5,37.306265844551746,2291.0,2467.0,0.0,0.0,0.0,0,0,normal,0,1
54.59333333333334,54.6,2.739108001462914,48.3,58.4,201.24000000000004,203.1,21.575858156106186,159.9,246.6,68.77333333333333,68.5,12.6988713409237,39.2,98.6,2396.4666666666667,2398.0,24.23268430252305,2354.0,2449.0,0.0,0.0,0.0,0,0,normal,0,2
53.92333333333333,53.8,3.396314770893373,48.1,61.4,198.25333333333342,201.95,19.87801997586579,153.3,227.1,65.46333333333334,67.1,10.808664574546546,42.2,83.4,2404.8333333333335,2404.0,25.135609214314115,2350.0,2454.0,0.03333333333333333,0.0,0.18257418583505533,0,1,normal,0,3
54.95,55.0,4.453108174499369,46.5,66.7,197.11666666666667,194.8,18.236002347257894,163.4,234.4,68.79333333333334,71.55000000000001,13.452161301373133,42.6,91.6,2399.4666666666667,2404.5,25.582501203285265,2335.0,2436.0,0.03333333333333333,0.0,0.18257418583505536,0,1,normal,0,4
54.65,54.45,3.7456871751112777,48.3,63.5,202.46333333333334,200.75,21.95924883039951,158.5,252.0,73.75333333333333,74.44999999999999,12.176906728363504,48.6,94.6,2405.5,2400.5,33.027418076918856,2352.0,2484.0,0.0,0.0,0.0,0,0,normal,0,5
55.16333333333333,54.9,4.028046787158788,46.8,61.9,198.3,200.35000000000002,22.7624009399651,140.7,248.4,70.49666666666667,70.3,10.185130586176657,48.6,91.6,2405.366666666667,2410.0,25.73804822508462,2354.0,2447.0,0.0,0.0,0.0,0,0,normal,0,6
54.70000000000001,54.2,4.031257183901644,46.4,65.1,200.43999999999997,200.15,20.433063132225602,152.1,232.6,67.33999999999999,66.05,12.703097640149524,37.9,92.0,2399.133333333333,2396.0,24.768908950026702,2337.0,2453.0,0.03333333333333333,0.0,0.18257418583505536,0,1,normal,0,7
55.013333333333335,54.55,4.42444099982354,48.0,66.6,198.52333333333334,198.45,15.383235015439043,166.3,240.7,71.17666666666668,70.4,11.636674585219733,46.8,100.0,2397.233333333333,2396.0,36.48966158104033,2326.0,2474.0,0.03333333333333333,0.0,0.18257418583505533,0,1,normal,0,8
54.84666666666667,55.400000000000006,4.019670027059034,44.7,63.4,195.42666666666668,194.5,22.969423954065743,151.8,239.9,64.77666666666667,65.69999999999999,11.200174978107704,40.0,84.9,2398.0333333333333,2396.5,31.864457914123058,2343.0,2459.0,0.0,0.0,0.0,0,0,normal,0,9
54.193333333333335,54.55,4.758146069950827,44.0,63.0,199.75333333333327,202.60000000000002,19.53793363113696,157.8,231.2,71.60333333333332,71.8,9.279212337757736,49.4,96.5,2393.9666666666667,2388.0,37.649456957510054,2329.0,2463.0,0.06666666666666667,0.0,0.2537081317024625,0,1,normal,1,0
54.48333333333334,54.05,3.9388501151840063,47.9,63.0,196.99333333333334,200.45,16.866778882912335,159.2,229.6,71.24999999999999,70.35,10.671643056120335,57.1,100.0,2397.5333333333333,2394.5,29.14498044359391,2343.0,2478.0,0.06666666666666667,0.0,0.2537081317024625,0,1,normal,1,1
53.16999999999999,53.650000000000006,3.7723266396034774,45.6,59.8,199.51333333333332,203.55,21.23238796863355,159.8,236.2,70.36333333333333,70.4,13.497291767516595,47.7,100.0,2399.3,2399.5,25.179562045984557,2339.0,2454.0,0.0,0.0,0.0,0,0,normal,1,2
55.38666666666666,55.55,3.880875597374754,47.9,66.7,190.72666666666666,190.8,21.569837390612644,139.0,223.8,69.20333333333333,69.44999999999999,9.636478228257364,47.7,91.3,2409.6666666666665,2413.0,29.625633510855767,2334.0,2466.0,0.0,0.0,0.0,0,0,normal,1,3
54.72,55.2,4.2803802602588705,45.3,61.4,191.75,185.75,21.916294520681213,156.4,240.0,67.93999999999998,67.6,11.4311009515933,51.0,96.2,2403.7,2405.5,30.570607926004953,2346.0,2461.0,0.1,0.0,0.30512857662936466,0,1,normal,1,4
54.776666666666664,54.8,4.095302888325409,48.0,64.5,197.58,196.75,17.032046873163992,162.1,233.9,67.46000000000001,71.6,14.624273633597836,33.2,92.6,2406.6666666666665,2411.0,34.0074366444523,2337.0,2468.0,0.06666666666666667,0.0,0.2537081317024624,0,1,normal,1,5
54.196666666666665,53.150000000000006,4.171288011892839,45.7,64.5,199.04000000000002,199.39999999999998,16.524560612865802,171.9,244.3,73.83999999999999,74.4,13.298991405884625,36.8,100.0,2403.6666666666665,2409.0,30.854869769709726,2343.0,2465.0,0.0,0.0,0.0,0,0,normal,1,6
53.95666666666668,54.150000000000006,3.5769070952173325,45.9,62.7,200.92999999999998,202.45,18.665737558979274,148.0,235.5,74.04333333333334,74.65,13.337623304108527,41.4,100.0,2402.233333333333,2398.5,26.51698653151681,2344.0,2450.0,0.0,0.0,0.0,0,0,normal,1,7
54.876666666666665,52.85,4.383486514521119,49.8,66.2,200.96333333333334,200.7,21.45661996284329,163.8,257.1,71.73333333333335,72.1,13.363030147112731,43.8,100.0,2395.0666666666666,2391.0,28.219500879446066,2343.0,2472.0,0.03333333333333333,0.0,0.18257418583505533,0,1,normal,1,8
54.45666666666667,54.9,4.207110838710503,45.3,61.8,197.09999999999997,201.5,18.75953091097962,156.9,230.9,66.44333333333331,66.9,11.314277929124389,40.7,89.1,2400.366666666667,2404.0,30.611563437563163,2343.0,2447.0,0.0,0.0,0.0,0,0,normal,1,9
54.883333333333326,54.45,4.277937251344015,46.8,64.4,205.54333333333332,204.5,17.181118010535695,167.9,261.8,71.85333333333334,72.35,11.897108699272227,47.8,94.3,2390.4333333333334,2388.5,35.317948287865875,2333.0,2473.0,0.03333333333333333,0.0,0.18257418583505533,0,1,normal,2,0
54.95666666666667,54.650000000000006,3.0209251076031536,50.1,60.7,192.94333333333336,194.75,19.50251413206165,145.9,233.8,71.28333333333333,70.15,11.3725041470519,51.3,93.0,2405.9333333333334,2402.5,30.055045285715956,2340.0,2472.0,0.0,0.0,0.0,0,0,normal,2,1
55.14,55.3,4.134764305503878,48.1,64.9,193.3466666666667,194.4,15.675914609699003,165.5,237.6,68.87333333333332,70.55,12.490601524217384,46.8,100.0,2392.866666666667,2390.5,23.90748452037466,2353.0,2451.0,0.0,0.0,0.0,0,0,normal,2,2
55.75,55.8,3.780964117149542,49.8,63.1,196.1933333333333,199.7,19.827983244400574,156.1,233.4,67.61333333333333,68.1,8.951314036972768,46.7,85.4,2408.9,2408.0,24.588124411369108,2362.0,2467.0,0.0,0.0,0.0,0,0,normal,2,3
56.283333333333324,56.05,3.571639566837938,50.5,67.1,205.56333333333333,202.05,21.346573387836724,167.9,256.3,71.49666666666667,69.85,12.944483136771469,49.5,100.0,2392.8333333333335,2395.0,23.471307991898847,2354.0,2466.0,0.0,0.0,0.0,0,0,normal,2,4
54.78333333333333,55.0,3.8411639160396494,48.0,65.7,201.16666666666666,203.35,23.530791761424865,157.2,241.3,69.12666666666668,71.4,10.800061728218655,47.4,84.0,2397.0333333333333,2397.0,27.031888363666848,2322.0,2442.0,0.03333333333333333,0.0,0.18257418583505533,0,1,normal,2,5
54.36333333333334,54.0,3.2413793714844705,49.3,59.7,205.30999999999997,207.15,16.818551948820456,172.1,233.0,68.73,67.65,12.309182162810062,38.5,91.9,2402.9666666666667,2403.5,31.81138739219168,2327.0,2468.0,0.03333333333333333,0.0,0.18257418583505533,0,1,normal,2,6
55.38666666666666,56.45,4.358798737815455,47.6,63.9,200.25333333333336,200.55,17.41328730345433,168.3,231.4,71.19000000000001,68.6,9.94416654505857,53.4,95.7,2401.866666666667,2396.5,29.374787844672856,2368.0,2504.0,0.03333333333333333,0.0,0.18257418583505536,0,1,normal,2,7
54.76333333333333,55.099999999999994,3.795867383800743,44.0,61.6,203.11,208.14999999999998,18.004259074663032,165.9,233.5,68.67333333333333,70.15,13.902367283738192,42.0,100.0,2398.866666666667,2400.0,30.366421261483634,2345.0,2460.0,0.03333333333333333,0.0,0.18257418583505533,0,1,normal,2,8
54.833333333333336,54.2,3.9934716841307423,46.6,63.2,205.39999999999995,203.89999999999998,23.22644153129998,162.0,249.9,65.77000000000001,64.1,11.906739615690858,41.9,91.5,2395.5666666666666,2400.5,34.42200913142169,2337.0,2471.0,0.06666666666666667,0.0,0.2537081317024625,0,1,normal,2,9
55.48666666666667,55.349999999999994,3.6010279503012166,48.0,62.2,195.0,191.60000000000002,21.509516738988527,152.9,239.5,71.48333333333333,70.15,8.542876981815715,52.9,89.8,2401.5333333333333,2402.0,30.36187869946324,2351.0,2469.0,0.03333333333333333,0.0,0.18257418583505533,0,1,normal,3,0
54.83666666666666,56.150000000000006,4.19247958342927,44.2,62.1,194.05666666666667,194.45,20.412533055628508,159.7,240.7,67.57666666666667,68.4,13.237686101933878,35.6,89.5,2399.0,2398.5,27.938355788018935,2344.0,2453.0,0.0,0.0,0.0,0,0,normal,3,1
55.51000000000001,56.35,4.291398775256834,42.7,61.6,197.57999999999998,195.5,18.07601573432559,170.7,243.1,71.0,69.65,13.649327380169124,47.3,100.0,2400.9333333333334,2398.0,27.98759988149103,2329.0,2457.0,0.03333333333333333,0.0,0.18257418583505536,0,1,normal,3,2
55.66333333333333,55.25,4.4904867513854025,43.8,65.9,200.77000000000004,201.7,18.288363551157616,158.4,242.1,67.89333333333333,66.25,11.41997443482051,46.3,87.0,2393.266666666667,2388.0,24.699481124430367,2333.0,2443.0,0.0,0.0,0.0,0,0,normal,3,3
53.73666666666667,52.95,4.1740977413116465,42.4,62.4,203.41666666666666,205.8,19.584777398457366,166.6,237.8,73.63000000000001,73.95,11.22420875024006,51.0,100.0,2399.8333333333335,2404.5,26.985415388282632,2334.0,2451.0,0.03333333333333333,0.0,0.18257418583505533,0,1,normal,3,4
55.166666666666664,55.349999999999994,4.338546819586845,44.8,65.1,195.0,194.85000000000002,21.13974847336745,145.2,241.3,68.14,70.1,12.614376035247272,46.0,93.7,2404.5666666666666,2406.5,28.929978882828788,2353.0,2475.0,0.0,0.0,0.0,0,0,normal,3,5
54.75333333333333,54.8,3.0915606295909486,47.7,59.4,196.19000000000003,196.75,17.921059659248524,167.0,238.0,74.4,74.69999999999999,11.50025486973943,57.6,99.1,2401.8,2404.0,21.137317873764204,2362.0,2451.0,0.06666666666666667,0.0,0.2537081317024625,0,1,normal,3,6
54.55333333333333,54.5,3.943106891021722,44.0,64.0,195.85000000000002,194.3,21.085944820318517,147.5,233.5,73.74666666666667,74.25,11.108609066948878,46.8,94.3,2399.5333333333333,2411.5,44.87740644461757,2268.0,2476.0,0.0,0.0,0.0,0,0,normal,3,7
55.190000000000005,55.75,4.777847589260974,44.4,66.4,198.67666666666665,199.75,19.915245993672933,157.5,238.3,71.49333333333333,69.75,12.229386127581026,45.8,93.9,2395.9333333333334,2400.5,26.8751049182662,2340.0,2452.0,0.0,0.0,0.0,0,0,normal,3,8
54.466666666666676,54.95,4.100238288561838,42.6,62.9,202.46333333333334,201.10000000000002,20.050358726403655,171.3,246.2,69.90666666666667,68.4,11.787396347102195,48.8,89.3,2403.0,2392.0,32.63169603632175,2345.0,2466.0,0.0,0.0,0.0,0,0,normal,3,9
53.853333333333346,54.7,4.229920789454274,43.1,59.3,204.9633333333334,201.85,22.255529856541326,164.8,251.3,69.47666666666666,69.3,10.336533245737176,40.0,90.2,2397.133333333333,2393.0,31.023609845021134,2351.0,2470.0,0.03333333333333333,0.0,0.18257418583505533,0,1,normal,4,0
55.49999999999999,54.7,3.8121403165549204,49.6,63.5,200.26000000000002,200.39999999999998,20.60549976801473,163.3,241.4,67.24,66.6,9.397160246034712,48.3,86.5,2406.633333333333,2403.5,28.88321709721854,2339.0,2459.0,0.03333333333333333,0.0,0.18257418583505533,0,1,normal,4,1
54.30999999999999,54.099999999999994,4.86261955796639,44.6,63.2,203.33666666666664,201.6,21.41231491186923,164.5,242.4,69.58666666666666,67.35,15.26796812200997,37.5,99.3,2402.733333333333,2407.5,38.199957874442674,2329.0,2472.0,0.0,0.0,0.0,0,0,normal,4,2
55.213333333333324,54.05,3.696851720542515,49.7,64.8,198.7,196.8,20.3991886248381,168.1,238.3,68.18,66.0,11.124976559448378,47.1,90.8,2391.4,2390.5,23.06004157067761,2352.0,2444.0,0.03333333333333333,0.0,0.18257418583505533,0,1,normal,4,3
55.679999999999986,55.3,4.412787062070003,46.7,63.0,208.03666666666666,205.45,19.208753093376433,146.5,234.4,71.21000000000001,71.9,13.337795661332057,42.2,92.0,2407.233333333333,2405.0,28.324089093711482,2335.0,2461.0,0.0,0.0,0.0,0,0,normal,4,4
54.45666666666666,53.95,5.153752120498252,44.3,63.4,201.58333333333331,202.75,19.13725529510136,157.9,251.9,72.77333333333333,69.30000000000001,12.408643631824116,53.2,94.9,2408.733333333333,2412.5,34.29178380868527,2332.0,2478.0,0.0,0.0,0.0,0,0,normal,4,5
54.88666666666666,54.55,3.7031890574749617,47.2,61.9,204.51666666666662,200.8,20.409245425800894,160.5,256.0,69.80666666666666,67.15,11.658914994568523,48.9,93.1,2404.3,2410.0,24.409085363361363,2349.0,2437.0,0.06666666666666667,0.0,0.2537081317024625,0,1,normal,4,6
55.353333333333346,54.75,3.01739020979404,49.7,62.2,198.94333333333333,200.7,21.212775645226454,153.1,231.4,68.70333333333333,69.75,11.840826023531475,39.3,98.1,2398.6,2395.5,31.84834754550557,2351.0,2499.0,0.1,0.0,0.4025778999364487,0,2,normal,4,7
55.433333333333344,54.95,3.4239857127212927,50.4,62.3,196.4,197.1,19.39932455276338,143.3,233.8,70.68333333333334,70.0,15.250326923196361,33.2,96.9,2408.0333333333333,2407.5,25.221068550927313,2359.0,2454.0,0.0,0.0,0.0,0,0,normal,4,8
55.106666666666676,55.349999999999994,5.0898772651914355,46.4,67.4,199.40000000000006,197.85,18.988508321504934,161.0,234.4,66.33333333333333,67.44999999999999,9.177270773523832,49.5,83.9,2400.366666666667,2396.5,22.025820793087263,2368.0,2446.0,0.1,0.0,0.30512857662936466,0,1,normal,4,9
54.49666666666668,54.65,3.827800604951147,44.4,61.9,201.35999999999996,202.7,22.24325701777104,145.0,242.4,68.64,68.1,12.474652921714549,40.9,86.3,2408.1,2406.5,21.191003295966315,2350.0,2452.0,0.0,0.0,0.0,0,0,normal,5,0
55.76666666666665,56.150000000000006,3.8939682209472544,49.0,67.5,199.67333333333335,201.9,20.76781218589252,152.3,242.4,70.77,72.30000000000001,10.291514750612222,49.1,89.0,2406.3,2409.5,26.42510561750987,2360.0,2460.0,0.0,0.0,0.0,0,0,normal,5,1
54.95,54.9,4.149844201479342,44.6,62.9,196.13999999999996,196.39999999999998,15.921977870551913,170.5,230.4,70.07333333333334,68.65,12.29350636924123,50.6,96.2,2401.4333333333334,2403.0,29.25592581687168,2345.0,2462.0,0.0,0.0,0.0,0,0,normal,5,2
54.97,54.75,3.5175569500083044,48.8,62.4,198.61,195.25,22.19009331614697,149.3,245.4,67.11666666666666,67.0,10.277363251452138,49.6,85.4,2394.233333333333,2392.0,28.296074216964335,2340.0,2460.0,0.03333333333333333,0.0,0.18257418583505533,0,1,normal,5,3
53.88333333333334,54.25,4.56146402188908,43.0,62.2,197.06,197.64999999999998,20.441954829256897,160.9,234.7,69.93000000000002,71.1,9.162447722953845,53.7,91.3,2414.266666666667,2408.0,26.882802262250568,2374.0,2474.0,0.06666666666666667,0.0,0.2537081317024625,0,1,normal,5,4
54.86,54.35,3.171815535793885,49.9,63.6,201.1533333333334,200.55,20.777553095677032,156.1,241.0,72.19,72.65,9.649132532030517,51.4,100.0,2394.1666666666665,2393.5,31.52238759263374,2341.0,2450.0,0.0,0.0,0.0,0,0,normal,5,5
54.153333333333336,53.599999999999994,3.755890392926578,45.3,62.0,197.9366666666667,198.55,20.450098782888194,162.7,253.1,69.27666666666667,68.44999999999999,9.045543133207238,53.0,88.8,2397.2,2395.5,28.789844952930764,2333.0,2466.0,0.03333333333333333,0.0,0.18257418583505533,0,1,normal,5,6
54.82,54.3,4.05627653277545,46.7,61.5,203.18333333333334,204.9,18.478600546603076,167.5,232.8,73.29999999999998,75.65,14.070242504588578,40.8,96.9,2401.9333333333334,2402.5,31.082685426670153,2294.0,2452.0,0.0,0.0,0.0,0,0,normal,5,7
53.78,54.8,3.991490949507465,45.1,60.7,203.98000000000002,208.0,21.51413969687265,142.1,232.6,65.80333333333333,64.05,12.766672218719721,41.3,95.0,2394.6666666666665,2399.0,26.34824254210271,2322.0,2444.0,0.1,0.0,0.30512857662936466,0,1,normal,5,8
54.97333333333334,54.150000000000006,3.913806977543893,48.8,65.2,206.98666666666668,200.85,24.577235518811435,172.4,280.5,70.78333333333333,69.55,11.708619970312274,46.5,93.1,2398.733333333333,2395.5,32.65697721650827,2314.0,2468.0,0.03333333333333333,0.0,0.18257418583505536,0,1,normal,5,9
55.80333333333332,56.150000000000006,4.654955337637763,44.9,64.6,194.47666666666666,193.45,21.15202253854851,152.1,243.4,74.38333333333334,74.7,12.348951744800136,37.3,93.3,2404.633333333333,2406.0,28.278764218882095,2351.0,2460.0,0.0,0.0,0.0,0,0,normal,6,0
56.1,56.7,4.17612260356422,49.8,68.7,194.66333333333336,192.05,18.636402704039384,158.6,259.2,70.44666666666667,69.8,12.173366443786724,42.0,97.0,2398.766666666667,2397.0,34.61879431089751,2317.0,2474.0,0.03333333333333333,0.0,0.18257418583505533,0,1,normal,6,1
53.27333333333333,52.849999999999994,4.113806303030148,44.4,62.5,207.98666666666665,205.4,19.037743515472613,169.2,253.6,72.33666666666666,74.35,13.56553653967271,45.5,100.0,2401.5,2398.5,28.96936550791257,2336.0,2449.0,0.0,0.0,0.0,0,0,normal,6,2
54.190000000000005,54.75,3.924665590849747,42.2,60.8,194.70000000000002,191.4,20.692010785441507,163.9,240.8,69.45333333333333,69.44999999999999,11.772110036550103,45.4,90.6,2400.3333333333335,2401.0,25.205819433879416,2349.0,2444.0,0.0,0.0,0.0,0,0,normal,6,3
54.62666666666667,55.349999999999994,3.050487053630586,47.6,59.3,195.9433333333333,191.6,18.860151082389944,171.3,241.6,71.00000000000001,70.25,14.567630626459662,47.4,100.0,2397.9666666666667,2398.5,32.56874250728369,2345.0,2464.0,0.0,0.0,0.0,0,0,normal,6,4
56.17333333333334,55.849999999999994,4.030652666695587,48.3,64.4,200.55333333333337,197.7,20.81234271280872,167.0,251.5,69.40666666666668,72.35,15.26905668186555,33.0,94.3,2395.5,2404.0,36.909722109586475,2325.0,2471.0,0.0,0.0,0.0,0,0,normal,6,5
54.00333333333334,53.5,5.154942946494092,41.9,63.7,196.76666666666662,197.85000000000002,23.148327314760007,143.4,237.0,66.79666666666668,70.80000000000001,11.49631075256494,47.5,82.0,2392.7,2389.0,33.17368088482609,2343.0,2491.0,0.03333333333333333,0.0,0.18257418583505533,0,1,normal,6,6
54.40999999999999,54.599999999999994,3.5215934872803207,46.2,62.9,199.14333333333332,198.05,18.328490792005862,159.6,247.0,67.02,66.25,10.584093465326097,49.4,100.0,2399.3333333333335,2400.5,28.119613149511157,2345.0,2467.0,0.06666666666666667,0.0,0.2537081317024625,0,1,normal,6,7
55.08666666666667,54.7,4.7468852461619395,46.9,67.9,196.45333333333335,195.14999999999998,22.358763356916118,147.6,254.0,67.18,70.4,10.457513385451467,46.3,85.3,2401.6,2398.0,28.492709291301534,2337.0,2479.0,0.1,0.0,0.4025778999364488,0,2,normal,6,8
53.559999999999995,54.5,3.4509968574811585,47.9,60.6,202.53333333333336,201.55,17.296687610604828,165.9,231.9,69.92666666666668,69.4,12.480078838536718,45.2,94.7,2396.3,2390.5,30.71464886943059,2328.0,2481.0,0.03333333333333333,0.0,0.18257418583505533,0,1,normal,6,9
54.34000000000001,54.849999999999994,4.0310518863374645,46.5,61.9,199.7866666666667,193.65,21.338353575975194,151.4,243.2,66.96333333333332,66.05,10.768455956085853,50.1,95.6,2399.133333333333,2406.0,29.897218568972598,2341.0,2447.0,0.06666666666666667,0.0,0.2537081317024625,0,1,normal,7,0
54.29333333333333,54.2,3.7997217078979966,45.7,62.0,199.55999999999997,202.60000000000002,23.478509616095813,142.4,247.9,68.71,66.69999999999999,12.807307989231559,50.8,100.0,2386.633333333333,2375.0,34.86276873224731,2331.0,2462.0,0.0,0.0,0.0,0,0,normal,7,1
55.32333333333334,55.55,3.3788064953964643,47.9,61.1,198.06,194.75,19.452995514386945,162.9,244.4,67.57000000000001,66.55000000000001,10.490920540786847,33.7,87.1,2407.9333333333334,2409.0,26.200728251702092,2359.0,2483.0,0.06666666666666667,0.0,0.2537081317024624,0,1,normal,7,2
55.71000000000001,56.05,3.850333617430734,48.1,61.5,202.9266666666667,202.4,17.59784338929128,159.8,235.5,69.94666666666667,69.1,13.738235928851333,46.4,96.2,2408.366666666667,2407.5,21.267562046513437,2373.0,2455.0,0.0,0.0,0.0,0,0,normal,7,3
56.08666666666666,56.150000000000006,4.59262777558311,45.7,67.5,200.76999999999998,201.2,21.432655554968708,161.1,245.5,65.61666666666666,66.4,11.050607202331909,42.7,84.7,2409.4333333333334,2412.5,27.57270431039556,2360.0,2456.0,0.03333333333333333,0.0,0.18257418583505533,0,1,normal,7,4
54.32,53.75,4.1306591274984426,45.2,62.9,201.77333333333334,200.25,25.991045319140383,147.4,238.9,70.45333333333333,70.6,12.562141628673455,42.6,90.3,2408.4333333333334,2406.0,35.98340933161332,2348.0,2525.0,0.06666666666666667,0.0,0.2537081317024625,0,1,normal,7,5
55.79666666666666,56.45,3.510131477381688,46.5,62.4,205.55333333333334,205.85000000000002,17.421325285770987,169.4,240.7,67.52333333333334,66.6,14.690289622584107,38.3,98.5,2397.0666666666666,2399.0,27.026083611990448,2358.0,2456.0,0.0,0.0,0.0,0,0,normal,7,6
53.51999999999999,53.900000000000006,4.574019585923719,42.5,64.3,206.7533333333333,204.55,19.07225342152082,175.2,252.3,67.79,68.6,10.362576899594039,48.4,91.2,2390.0333333333333,2392.0,32.31897417855374,2314.0,2458.0,0.03333333333333333,0.0,0.18257418583505533,0,1,normal,7,7
55.38666666666667,56.05,3.4182808073885504,47.5,61.6,205.42999999999998,206.1,25.39397362666434,138.3,260.6,65.69,63.25,12.218480914666477,43.6,92.8,2400.6666666666665,2398.5,24.85868103879419,2360.0,2462.0,0.0,0.0,0.0,0,0,normal,7,8
54.05,53.55,4.145437874629626,44.9,62.4,204.50999999999993,204.55,16.932978433243502,168.5,236.8,67.97333333333333,68.85,9.809704320242009,50.1,84.0,2401.1666666666665,2401.0,29.356410723634326,2343.0,2456.0,0.03333333333333333,0.0,0.18257418583505536,0,1,normal,7,9
55.353333333333325,56.15,4.31107101928666,46.7,66.3,202.17000000000002,204.95,18.67388273904825,161.4,238.6,71.20666666666666,67.35,12.88958235682341,46.5,95.4,2383.9,2387.0,33.93030381887818,2309.0,2436.0,0.06666666666666667,0.0,0.2537081317024624,0,1,normal,8,0
55.26666666666666,55.05,5.067430371964932,43.1,65.4,194.5066666666666,198.8,16.409247462904887,151.4,218.1,70.87333333333332,67.6,10.896216785191319,56.3,100.0,2392.366666666667,2395.5,27.78176446487172,2331.0,2436.0,0.03333333333333333,0.0,0.18257418583505533,0,1,normal,8,1
54.50666666666666,54.45,3.2616828038059866,48.6,61.5,198.5,196.95,18.479364073250036,163.2,235.9,68.51,68.19999999999999,11.256212077996203,47.4,89.5,2404.3,2404.0,22.467064016405025,2358.0,2446.0,0.06666666666666667,0.0,0.2537081317024624,0,1,normal,8,2
55.306666666666665,55.349999999999994,3.341167804653124,48.1,63.3,195.92999999999998,197.60000000000002,16.839529643689268,157.4,229.0,70.40666666666667,67.0,15.688738182120526,47.5,100.0,2401.1,2402.0,28.806548584988626,2359.0,2472.0,0.0,0.0,0.0,0,0,normal,8,3
53.43666666666666,53.25,3.541038551468836,45.9,60.1,197.95666666666665,194.55,21.05208128515519,171.8,253.7,68.96666666666667,66.05,11.285123968681324,48.2,93.4,2395.8,2392.5,28.34686627453213,2348.0,2468.0,0.03333333333333333,0.0,0.18257418583505533,0,1,normal,8,4
54.81000000000001,55.0,4.133575725187828,47.3,64.0,199.75999999999996,199.5,16.787096851142998,173.1,242.7,73.14333333333333,72.6,12.722683606885754,47.1,99.8,2409.0,2410.0,33.57749656931066,2351.0,2468.0,0.0,0.0,0.0,0,0,normal,8,5
53.589999999999996,53.599999999999994,3.470401944324666,46.8,62.2,198.71666666666667,197.05,17.767154572671323,166.8,234.3,68.86999999999999,67.4,12.270911777943356,51.3,100.0,2393.366666666667,2400.0,33.7878608412827,2319.0,2449.0,0.03333333333333333,0.0,0.18257418583505533,0,1,normal,8,6
54.88666666666667,54.25,2.93724399715968,51.3,60.5,204.41666666666669,205.85,20.06886563351531,141.1,240.6,70.35333333333332,71.7,10.692528275367817,47.6,89.8,2406.0333333333333,2403.5,28.45502601909066,2357.0,2468.0,0.03333333333333333,0.0,0.18257418583505536,0,1,normal,8,7
55.373333333333335,55.150000000000006,3.9882528655465452,46.5,62.6,204.78000000000003,204.95,17.015498006634807,171.2,247.2,69.99666666666666,69.4,13.720874691463754,44.5,93.8,2401.0,2398.5,24.294174127797064,2370.0,2459.0,0.0,0.0,0.0,0,0,normal,8,8
55.55,55.5,4.234077679153211,45.6,63.8,201.83333333333334,198.35,22.28578228274752,157.2,258.5,68.77666666666667,67.35,10.941779573263439,41.6,93.0,2398.8333333333335,2397.5,30.230246709081854,2350.0,2460.0,0.03333333333333333,0.0,0.18257418583505533,0,1,normal,8,9
55.946666666666665,55.85,4.050520046077807,45.5,65.5,200.46999999999997,195.0,24.52641292636334,152.4,242.2,67.07000000000001,67.94999999999999,11.377720212827318,36.0,88.3,2397.8333333333335,2398.5,32.073281751309,2336.0,2457.0,0.0,0.0,0.0,0,0,normal,9,0
54.98333333333333,54.650000000000006,3.9229724245370576,47.1,63.7,201.52000000000004,204.89999999999998,14.597387579218788,167.3,226.8,69.39333333333335,68.55000000000001,12.285341232355018,31.3,93.5,2403.5,2402.5,27.177259763925097,2351.0,2458.0,0.03333333333333333,0.0,0.18257418583505533,0,1,normal,9,1
55.65,55.3,3.991521186128209,47.4,62.9,202.2466666666667,205.1,23.262189734940428,131.1,238.1,69.83666666666666,70.55000000000001,9.528559008664908,52.3,89.1,2399.5666666666666,2394.5,35.108387182761795,2338.0,2472.0,0.03333333333333333,0.0,0.18257418583505533,0,1,normal,9,2
54.476666666666674,54.75,3.944064360296485,45.2,62.7,208.5033333333333,210.05,18.39959675969939,176.3,251.8,68.23333333333333,66.65,13.39825859331478,39.9,99.2,2410.1,2408.5,29.862154575014657,2364.0,2470.0,0.0,0.0,0.0,0,0,normal,9,3
54.57333333333334,54.3,3.9378738647540055,47.3,62.4,199.42333333333332,197.65,17.298747878413614,171.3,240.3,69.72333333333333,67.7,12.206800912022247,48.5,91.5,2400.7,2402.5,29.91729980439757,2346.0,2467.0,0.0,0.0,0.0,0,0,normal,9,4
55.38,55.0,4.017496218052852,48.2,63.5,197.4066666666667,197.64999999999998,22.315696243912594,148.8,247.4,68.56,68.05000000000001,13.44802510818391,41.8,100.0,2406.8333333333335,2409.0,28.93879788430241,2352.0,2459.0,0.0,0.0,0.0,0,0,normal,9,5
55.32666666666667,55.25,4.1507733665221815,49.3,63.4,206.01333333333332,204.89999999999998,16.026889760720852,177.5,249.6,71.96000000000001,70.3,13.525189781318769,48.5,100.0,2398.9666666666667,2396.0,27.857374846408863,2343.0,2464.0,0.0,0.0,0.0,0,0,normal,9,6
55.516666666666666,55.8,4.875914296815014,39.4,62.4,194.22,195.2,17.016531515781537,160.2,232.8,72.48333333333333,73.65,10.144748372445218,45.4,88.4,2404.3333333333335,2409.5,30.314823201647183,2336.0,2455.0,0.0,0.0,0.0,0,0,normal,9,7
56.32999999999999,56.35,3.8074473302218896,46.6,64.3,196.92333333333332,200.4,21.248978609665524,154.6,241.5,68.35,67.05,15.899419854955022,36.6,100.0,2400.133333333333,2403.0,27.966400201489737,2348.0,2458.0,0.0,0.0,0.0,0,0,normal,9,8
55.46333333333333,55.6,4.660137879663141,46.2,67.4,197.18666666666667,195.7,21.639311821126707,157.0,237.5,70.50666666666666,69.85,9.741554550351358,55.4,94.8,2401.5333333333333,2401.0,33.00651276729293,2326.0,2456.0,0.0,0.0,0.0,0,0,normal,9,9
54.723333333333336,54.650000000000006,4.853557766062515,46.3,66.4,199.81666666666666,199.7,20.31877140144964,157.0,238.4,70.85666666666665,69.44999999999999,13.14924105147841,50.0,95.4,2397.5333333333333,2397.0,32.504358682080365,2326.0,2476.0,0.0,0.0,0.0,0,0,normal,10,0
55.46,55.55,3.2438376591039035,48.7,60.8,196.87333333333333,193.25,23.67852123372767,151.1,252.0,72.55333333333334,72.44999999999999,11.78469882673213,53.6,95.2,2403.0333333333333,2399.0,31.159747833663086,2326.0,2456.0,0.06666666666666667,0.0,0.2537081317024625,0,1,normal,10,1
54.78666666666667,54.75,3.745041165772859,46.2,62.0,208.34,208.7,14.065845157686049,186.9,239.1,69.59666666666666,68.35,11.893506873379545,44.0,93.9,2396.4,2398.5,30.411658381568756,2334.0,2453.0,0.0,0.0,0.0,0,0,normal,10,2
55.10333333333333,56.25,4.458117998881817,44.9,62.9,197.60666666666665,193.1,19.70415558014189,160.2,239.5,71.29666666666667,71.35,11.728552938150065,49.1,97.4,2398.266666666667,2399.5,28.409485221923905,2342.0,2471.0,0.0,0.0,0.0,0,0,normal,10,3
55.88999999999999,56.2,3.196911224809088,50.5,61.2,199.39666666666665,198.3,19.799172454551165,169.4,233.7,71.41000000000001,70.05,10.372255765028763,52.4,93.5,2400.233333333333,2400.0,28.817718846921768,2338.0,2461.0,0.0,0.0,0.0,0,0,normal,10,4
54.923333333333325,54.95,4.675297027874333,45.5,62.9,197.81333333333333,199.05,23.14221002967243,159.9,239.2,68.92666666666666,69.15,14.105560980503848,32.8,96.8,2401.9666666666667,2402.5,25.892993771226642,2346.0,2442.0,0.1,0.0,0.30512857662936466,0,1,normal,10,5
55.050000000000004,54.95,4.025500611403977,47.4,64.7,202.70333333333335,201.3,18.905691230937318,167.3,253.5,65.87,62.4,11.551359078122546,47.7,92.2,2406.4333333333334,2408.0,31.436507805233486,2335.0,2468.0,0.0,0.0,0.0,0,0,normal,10,6
54.91666666666666,55.3,4.0184130795826505,46.8,62.1,197.79333333333335,198.6,17.504165678259394,162.2,229.4,70.18666666666667,70.94999999999999,13.564221022750365,35.6,96.0,2392.2,2393.0,34.0915602863615,2328.0,2457.0,0.03333333333333333,0.0,0.18257418583505533,0,1,normal,10,7
55.143333333333324,55.2,3.7077443029545547,45.5,62.5,194.53333333333333,194.25,18.59030769594428,167.5,237.5,72.64333333333335,73.35,10.43434922159312,50.4,89.9,2398.266666666667,2404.5,27.40995707998166,2352.0,2449.0,0.0,0.0,0.0,0,0,normal,10,8
54.20000000000001,53.849999999999994,3.2872795586246877,46.1,59.8,198.2133333333333,193.5,17.557152650569577,170.7,233.1,69.77999999999999,68.6,12.504906623208845,44.3,100.0,2397.0,2397.5,34.07598001221834,2331.0,2474.0,0.03333333333333333,0.0,0.18257418583505533,0,1,normal,10,9
54.77333333333333,54.35,4.157082310146545,46.9,63.7,202.23333333333332,203.35,21.742590229433507,152.3,238.0,70.29666666666665,68.80000000000001,11.174277214404869,46.3,98.2,2399.866666666667,2399.0,33.84114342787116,2337.0,2465.0,0.03333333333333333,0.0,0.18257418583505533,0,1,normal,11,0
55.68,55.65,4.304159976516704,45.0,66.5,203.75333333333336,208.85000000000002,23.203548083820305,159.5,240.9,73.62333333333335,77.15,13.304152406837794,39.0,97.5,2397.766666666667,2397.5,21.642364797382665,2353.0,2452.0,0.0,0.0,0.0,0,0,normal,11,1
55.22666666666667,54.9,3.5754848557955037,50.4,63.1,202.2866666666667,205.35,16.25954856508107,160.4,232.9,67.87333333333333,66.85,11.684677067036107,45.2,92.2,2394.5333333333333,2397.0,29.548012749950956,2337.0,2449.0,0.0,0.0,0.0,0,0,normal,11,2
54.276666666666664,54.1,4.182532093438576,45.6,61.3,202.18999999999997,200.1,19.114254475075168,165.6,241.5,71.35333333333332,70.6,10.703165285392764,46.2,90.4,2406.0,2406.0,28.300115754606693,2342.0,2472.0,0.03333333333333333,0.0,0.18257418583505533,0,1,normal,11,3
54.33666666666668,54.0,3.458770295064849,47.1,61.9,206.04,207.5,16.776042030434255,174.2,252.1,70.23,68.65,11.418652314947469,45.7,100.0,2406.6,2402.5,30.827215920016364,2355.0,2470.0,0.0,0.0,0.0,0,0,normal,11,4
55.156666666666666,56.1,4.758200422887609,42.0,63.4,204.17666666666668,204.45,22.504829877519445,167.1,240.4,72.55333333333333,69.8,12.030671530353755,53.1,97.5,2413.633333333333,2412.0,30.983291752428304,2338.0,2475.0,0.0,0.0,0.0,0,0,normal,11,5
55.223333333333336,56.0,4.20784844139462,46.5,63.9,205.09,207.95,18.725648094304354,150.1,233.0,70.35666666666665,72.19999999999999,14.011194621182153,39.7,100.0,2402.766666666667,2409.5,29.51642831085572,2335.0,2448.0,0.03333333333333333,0.0,0.18257418583505536,0,1,normal,11,6
56.31333333333334,56.75,4.754941772973442,42.5,64.9,200.43000000000004,198.45,21.484479562441475,152.3,239.1,69.07333333333334,69.45,11.078464145182396,44.7,88.1,2400.366666666667,2404.5,27.279502641503857,2343.0,2466.0,0.0,0.0,0.0,0,0,normal,11,7
55.473333333333336,56.4,4.613020054474997,45.2,64.4,201.09,199.65,23.684744835675016,144.9,250.1,70.38666666666667,69.25,13.269584961763924,45.4,100.0,2408.0,2403.5,31.543073997969497,2346.0,2468.0,0.03333333333333333,0.0,0.18257418583505533,0,1,normal,11,8
54.79666666666667,55.4,3.725169131391387,46.7,61.8,203.73999999999998,200.35000000000002,18.430439589122013,170.7,235.6,70.14666666666668,70.30000000000001,11.863352242801424,40.1,93.1,2403.8,2409.0,26.418906500641828,2362.0,2462.0,0.03333333333333333,0.0,0.18257418583505533,0,1,normal,11,9
87.86999999999999,88.05,3.1983993841747864,79.4,93.7,291.21999999999997,289.95,9.660777437124569,271.0,310.3,95.37999999999998,96.15,4.144077618764498,87.0,100.0,2110.133333333333,2122.0,68.96712526860962,1928.0,2305.0,0.03333333333333333,0.0,0.18257418583505533,0,1,sobrecalentamiento,12,0
88.00333333333333,88.05000000000001,2.7764382210671106,82.2,92.8,288.18333333333334,291.0,9.569278549296337,268.2,308.6,93.44333333333336,93.2,3.914753996175841,83.8,100.0,2111.366666666667,2119.5,75.26893544934829,1952.0,2267.0,0.1,0.0,0.30512857662936466,0,1,sobrecalentamiento,12,1
89.74666666666667,89.9,2.2633105647797596,82.9,95.0,290.06666666666666,287.7,9.429130699440245,274.7,309.1,96.18666666666668,96.4,2.880820445078384,90.8,100.0,2075.3,2082.5,80.6504377139286,1813.0,2223.0,0.0,0.0,0.0,0,0,sobrecalentamiento,12,2
89.68,89.9,2.6815332721514324,84.9,94.4,290.7533333333333,293.20000000000005,10.942884109944606,270.2,311.2,95.23999999999998,95.75,3.6174481384648427,85.9,100.0,2124.6,2133.5,95.52598491040774,1930.0,2349.0,0.03333333333333333,0.0,0.18257418583505533,0,1,sobrecalentamiento,12,3
87.43333333333332,87.1,3.0054356885751057,81.1,95.7,287.5066666666667,288.05,9.920092231680982,264.1,304.2,95.23333333333332,95.6,3.790308269997204,88.0,100.0,2105.9,2114.0,84.22070758552731,1991.0,2315.0,0.16666666666666666,0.0,0.3790490217894517,0,1,sobrecalentamiento,12,4
87.15,87.15,2.4796760077575213,83.2,92.4,289.15333333333336,291.6,10.737325594371267,264.7,302.8,93.99,92.9,4.227280041790956,86.3,100.0,2086.9333333333334,2070.0,77.4186707113513,1938.0,2224.0,0.16666666666666666,0.0,0.461133037377414,0,2,sobrecalentamiento,12,5
87.38333333333335,87.0,2.915012667309477,80.1,94.0,288.56666666666666,289.05,8.181195146370026,270.7,306.4,95.52333333333333,95.15,2.9366510756693387,89.5,100.0,2096.9,2085.0,91.99450883162763,1893.0,2287.0,0.06666666666666667,0.0,0.2537081317024625,0,1,sobrecalentamiento,12,6
87.11,87.05,2.301176610584995,81.9,92.4,289.32666666666665,289.0,9.689665071373847,267.3,314.3,95.85666666666667,95.75,3.5922985949670574,86.2,100.0,2109.5333333333333,2126.0,98.02453364032036,1830.0,2273.0,0.26666666666666666,0.0,0.5208304597621878,0,2,sobrecalentamiento,12,7
88.76,88.80000000000001,2.3930358730397616,84.0,93.5,290.15999999999997,289.1,9.951281324533033,275.3,311.9,95.10666666666665,94.9,3.4761188556852556,89.2,100.0,2097.6,2107.0,106.40248895196208,1804.0,2288.0,0.16666666666666666,0.0,0.461133037377414,0,2,sobrecalentamiento,12,8
87.23333333333335,87.0,2.7421780084241525,82.9,92.2,291.44,290.9,8.34863606452761,277.6,303.9,95.38333333333335,96.25,3.977443584925419,87.3,100.0,2098.8333333333335,2104.0,72.30781105959359,1979.0,2259.0,0.03333333333333333,0.0,0.18257418583505533,0,1,sobrecalentamiento,12,9
87.59333333333333,87.69999999999999,3.6286155176199983,78.7,94.5,291.4333333333333,290.1,9.273593706319305,273.2,309.6,94.26333333333332,93.9,3.972012721212164,83.2,100.0,2107.4666666666667,2096.5,75.64925112254781,1953.0,2301.0,0.13333333333333333,0.0,0.34574590364176044,0,1,sobrecalentamiento,13,0
88.83333333333331,89.15,2.8686574215648073,83.3,95.0,291.52666666666664,290.75,10.557394314538204,272.5,314.9,95.89666666666668,96.05,3.5821861301814537,88.6,100.0,2131.1666666666665,2133.0,89.0180467303016,1956.0,2294.0,0.06666666666666667,0.0,0.2537081317024625,0,1,sobrecalentamiento,13,1
87.79999999999998,88.2,3.0910326362917435,81.7,92.7,293.64000000000004,293.8,10.668147885661542,270.9,318.2,94.56666666666665,94.5,3.528732636937588,87.0,100.0,2085.6666666666665,2107.0,91.49386010428027,1896.0,2233.0,0.16666666666666666,0.0,0.461133037377414,0,2,sobrecalentamiento,13,2
89.11999999999999,89.55,2.989337373237501,83.3,96.3,292.8366666666667,291.2,9.022480862797117,274.8,315.2,95.24999999999999,95.65,3.507209323861252,88.4,100.0,2081.233333333333,2092.0,64.56148277007944,1935.0,2201.0,0.06666666666666667,0.0,0.2537081317024625,0,1,sobrecalentamiento,13,3
89.07333333333332,88.75,3.6980827589379373,82.1,95.9,292.56999999999994,293.65,11.656111317008037,270.2,315.1,95.04666666666668,95.25,3.7803241361968736,85.2,100.0,2080.5666666666666,2074.0,75.93585466028883,1956.0,2260.0,0.06666666666666667,0.0,0.2537081317024625,0,1,sobrecalentamiento,13,4
88.27333333333334,88.55000000000001,2.5818909581042018,82.1,93.1,290.9800000000001,292.4,9.12482026275511,273.4,307.6,93.50333333333333,93.6,3.4671346943125445,87.8,100.0,2100.5333333333333,2086.0,66.34223356221125,1979.0,2222.0,0.16666666666666666,0.0,0.461133037377414,0,2,sobrecalentamiento,13,5
88.00666666666666,87.45,2.8049135868837474,82.2,93.3,293.33,292.1,11.77956002925231,276.9,325.6,94.67666666666669,94.25,3.758822571821765,86.1,100.0,2090.733333333333,2080.0,82.86587972735524,1881.0,2269.0,0.13333333333333333,0.0,0.34574590364176044,0,1,sobrecalentamiento,13,6
88.89333333333333,88.9,2.834264890807556,83.2,94.7,292.6066666666667,292.45,10.6945017563275,274.1,310.3,94.75,94.9,3.4428085968410675,87.0,100.0,2092.6,2091.5,68.74370190587744,1933.0,2231.0,0.1,0.0,0.30512857662936466,0,1,sobrecalentamiento,13,7
87.90666666666668,87.55,2.920549468062868,83.5,94.6,290.68666666666667,290.75,11.585655022434016,271.1,319.7,95.94666666666667,96.55000000000001,3.860385306241292,86.9,100.0,2071.5,2067.5,74.01665702557351,1954.0,2250.0,0.13333333333333333,0.0,0.34574590364176044,0,1,sobrecalentamiento,13,8
88.25333333333336,88.75,3.3960152444048144,80.3,93.8,290.58666666666664,290.04999999999995,12.096557884112249,266.3,313.6,93.80333333333333,94.15,3.205650542760214,87.5,99.7,2084.1666666666665,2097.0,80.1890367144749,1896.0,2232.0,0.06666666666666667,0.0,0.2537081317024625,0,1,sobrecalentamiento,13,9
88.62666666666668,88.7,3.0983792574487232,81.7,93.4,290.38000000000005,289.3,10.656401669969284,273.6,310.3,94.62333333333335,95.2,3.5236817866165677,87.1,100.0,2092.3,2102.0,77.0544590219957,1943.0,2206.0,0.13333333333333333,0.0,0.34574590364176044,0,1,sobrecalentamiento,14,0
87.17,87.35,2.629166643896752,82.0,91.5,289.2066666666667,289.3,7.698810178262582,270.0,304.9,94.34999999999998,94.55,2.9814079062497076,86.2,98.8,2092.0333333333333,2075.5,74.74346163693026,1921.0,2253.0,0.06666666666666667,0.0,0.2537081317024625,0,1,sobrecalentamiento,14,1
87.82333333333335,88.15,3.3843130340799847,79.9,95.2,287.8966666666667,287.35,11.139909098042214,268.0,320.1,94.26333333333334,94.2,3.616006878744348,88.1,100.0,2101.133333333333,2103.0,74.12651502590053,1953.0,2256.0,0.1,0.0,0.30512857662936466,0,1,sobrecalentamiento,14,2
88.29666666666665,89.85,3.6015785172743287,79.8,93.4,288.2566666666667,287.0,8.364773564275918,272.5,305.6,95.57,95.7,3.7386287362596202,84.0,100.0,2083.766666666667,2085.0,57.27470605793616,1935.0,2198.0,0.1,0.0,0.30512857662936466,0,1,sobrecalentamiento,14,3
87.77666666666667,88.55000000000001,3.351755415870329,78.4,94.6,294.04,292.55,12.237522850529897,267.9,319.2,94.30666666666667,94.19999999999999,3.8475189796608644,85.0,100.0,2115.366666666667,2105.5,83.23646553886283,1962.0,2294.0,0.0,0.0,0.0,0,0,sobrecalentamiento,14,4
88.17333333333335,88.3,2.4837309717901994,83.8,93.5,288.69999999999993,288.6,10.943144602585836,263.0,306.6,94.46000000000001,95.5,3.865372355708548,88.4,100.0,2069.7,2084.0,69.43771706878141,1902.0,2192.0,0.13333333333333333,0.0,0.34574590364176044,0,1,sobrecalentamiento,14,5
87.97333333333334,87.75,2.6422212877299533,83.1,94.1,292.19,292.1,11.930411733797419,272.3,317.5,94.40000000000002,94.6,3.2547048173798903,88.9,99.7,2118.4333333333334,2115.5,78.8266029544172,1886.0,2304.0,0.06666666666666667,0.0,0.2537081317024625,0,1,sobrecalentamiento,14,6
87.70666666666668,87.55,3.1994539764038548,81.1,94.0,290.79,289.85,9.797654539876303,265.5,309.6,94.14000000000003,94.7,3.8136415758387043,85.2,100.0,2108.266666666667,2111.5,96.90412372753958,1943.0,2270.0,0.13333333333333333,0.0,0.34574590364176044,0,1,sobrecalentamiento,14,7
88.56333333333332,88.8,3.1935801262828063,80.5,94.2,292.20666666666665,292.04999999999995,9.957458938190362,273.8,309.8,95.27000000000001,95.2,3.274788753387055,88.9,100.0,2086.6,2094.5,69.55355168303151,1931.0,2219.0,0.13333333333333333,0.0,0.34574590364176044,0,1,sobrecalentamiento,14,8
87.97000000000003,88.6,3.207657862914503,81.0,93.1,290.4033333333334,290.9,9.49883779944841,274.7,310.8,95.62000000000002,95.80000000000001,3.288055708899652,86.5,100.0,2117.0,2106.0,83.58807042420216,1937.0,2272.0,0.06666666666666667,0.0,0.2537081317024625,0,1,sobrecalentamiento,14,9
88.44666666666667,88.4,2.994562121387796,79.2,95.2,287.6933333333333,286.9,8.438047385394377,273.6,314.0,95.01666666666667,95.9,3.7905584461043906,86.5,100.0,2123.3333333333335,2135.5,85.60790059146504,1985.0,2261.0,0.1,0.0,0.30512857662936466,0,1,sobrecalentamiento,15,0
87.99333333333334,87.8,2.774133394765655,80.4,93.6,289.6766666666668,290.45000000000005,10.081040016590151,271.3,306.1,95.19666666666667,95.1,3.206941107093771,86.3,100.0,2070.5333333333333,2076.0,66.53997156666024,1916.0,2231.0,0.06666666666666667,0.0,0.2537081317024624,0,1,sobrecalentamiento,15,1
88.05333333333333,87.5,3.3357761164158752,81.6,96.1,291.18,291.95,9.911031819348475,274.8,311.8,95.3733333333333,96.15,3.2240404435442795,88.4,99.7,2134.766666666667,2121.0,74.09997130314179,2020.0,2314.0,0.13333333333333333,0.0,0.34574590364176044,0,1,sobrecalentamiento,15,2
87.4,88.2,3.060538604841334,79.1,91.7,291.75,291.75,9.588346015363904,275.9,315.9,95.52333333333334,96.2,3.3039874898875343,86.7,100.0,2082.2,2071.5,90.55514608656219,1921.0,2272.0,0.1,0.0,0.30512857662936466,0,1,sobrecalentamiento,15,3
88.69333333333334,89.0,3.271710860394449,82.4,94.4,292.28000000000003,291.70000000000005,10.635412544889828,269.5,317.2,94.91333333333334,95.30000000000001,3.7396969574195893,87.1,100.0,2106.1,2111.5,78.55564687005264,1921.0,2269.0,0.13333333333333333,0.0,0.34574590364176044,0,1,sobrecalentamiento,15,4
88.04000000000002,87.69999999999999,2.6551965963968165,83.9,93.3,290.14666666666665,288.65,9.127477777278493,274.5,306.1,95.14000000000001,95.45,3.6671514830996546,87.1,100.0,2098.1,2108.5,77.69451673724784,1903.0,2272.0,0.1,0.0,0.30512857662936466,0,1,sobrecalentamiento,15,5
87.23333333333333,87.75,2.654252714280305,81.3,91.7,293.9566666666667,292.7,8.406757681332541,273.3,307.5,95.00333333333333,95.65,3.9836288545213043,87.6,100.0,2096.6666666666665,2097.0,76.51924857379908,1976.0,2240.0,0.16666666666666666,0.0,0.3790490217894517,0,1,sobrecalentamiento,15,6
88.61333333333332,88.5,2.4942324274812178,84.2,93.5,290.85,291.29999999999995,10.019283132178595,271.6,308.8,94.53666666666668,94.30000000000001,3.96671351271478,87.7,100.0,2110.0666666666666,2126.0,96.61974287196006,1926.0,2281.0,0.03333333333333333,0.0,0.18257418583505533,0,1,sobrecalentamiento,15,7
87.41666666666667,87.69999999999999,2.530378645964675,82.7,92.5,291.17,290.1,10.667907075865934,267.0,313.0,94.85333333333332,94.35,3.268948300066207,89.0,100.0,2113.4333333333334,2117.5,72.01900292012655,2026.0,2295.0,0.03333333333333333,0.0,0.18257418583505533,0,1,sobrecalentamiento,15,8
88.26333333333332,87.9,3.1882849495520684,81.8,95.5,290.3166666666666,290.05,7.357852166614054,277.9,313.7,96.2,96.8,3.2345121680892217,88.2,100.0,2108.733333333333,2097.0,73.24118557456464,1959.0,2278.0,0.1,0.0,0.4025778999364487,0,2,sobrecalentamiento,15,9
87.97,88.45,3.4197348152885416,80.1,96.3,288.9866666666667,289.05,7.5003325596767505,277.2,310.1,95.60666666666665,95.8,3.258192150864344,89.0,100.0,2082.4333333333334,2082.0,75.7944968129378,1925.0,2243.0,0.16666666666666666,0.0,0.3790490217894517,0,1,sobrecalentamiento,16,0
88.77333333333333,88.85,2.9972324399102863,83.4,96.7,292.26,293.0,10.155637130049564,276.7,319.2,95.53666666666665,95.7,3.291104345974457,87.7,100.0,2094.4333333333334,2085.0,78.94899415547304,1952.0,2257.0,0.06666666666666667,0.0,0.2537081317024625,0,1,sobrecalentamiento,16,1
87.04666666666665,87.65,2.6954282281918274,81.3,91.1,292.7966666666667,291.6,11.534669878041687,268.1,316.9,94.81333333333332,95.30000000000001,4.158807300286891,87.0,100.0,2075.3,2092.5,59.963293369561825,1947.0,2195.0,0.23333333333333334,0.0,0.4301830671520762,0,1,sobrecalentamiento,16,2
87.41000000000003,87.44999999999999,2.7424315915775845,79.8,92.4,290.03666666666663,289.9,10.07747516727908,265.0,306.8,94.76666666666668,95.35,4.276103070701684,85.9,100.0,2094.866666666667,2088.5,92.61218112081167,1908.0,2302.0,0.1,0.0,0.30512857662936466,0,1,sobrecalentamiento,16,3
88.94666666666669,88.1,3.7692707913932852,80.5,97.0,291.7866666666667,293.6,10.233000481314106,270.4,314.4,95.17666666666666,95.5,3.361617358410652,87.0,100.0,2107.0,2095.0,74.5418188577438,1945.0,2255.0,0.06666666666666667,0.0,0.2537081317024624,0,1,sobrecalentamiento,16,4
87.87333333333332,87.4,2.991013359973543,79.7,93.1,287.7033333333333,287.75,9.28445060240538,271.3,310.4,94.75,95.69999999999999,4.529348739057304,83.4,100.0,2100.1,2095.0,82.22146292493976,1953.0,2310.0,0.03333333333333333,0.0,0.18257418583505536,0,1,sobrecalentamiento,16,5
89.0733333333333,88.55,3.173156085072066,82.6,95.3,291.49666666666667,292.55,9.92528930641782,272.3,307.1,94.54999999999998,94.8,3.468950949444972,85.9,100.0,2090.0,2091.0,71.37951024459765,1934.0,2254.0,0.03333333333333333,0.0,0.18257418583505533,0,1,sobrecalentamiento,16,6
88.27333333333333,88.4,2.6301872666164416,83.3,92.7,290.78,291.54999999999995,8.805304044173877,269.1,308.3,95.46666666666667,95.95,3.5654794457633483,86.3,100.0,2103.3333333333335,2108.0,92.60942580065183,1903.0,2356.0,0.1,0.0,0.30512857662936466,0,1,sobrecalentamiento,16,7
88.49666666666667,88.5,3.058338892537778,81.6,94.9,291.56000000000006,289.4,12.31356414970766,270.2,317.0,94.14333333333333,94.1,3.0787013981304807,87.4,100.0,2101.4333333333334,2102.5,70.8118845145767,1970.0,2233.0,0.1,0.0,0.30512857662936466,0,1,sobrecalentamiento,16,8
87.38666666666664,87.95,2.554743165893229,82.2,91.3,290.69,291.9,10.657694322688283,270.4,313.5,95.01333333333334,95.05,3.1003596380190266,88.7,100.0,2082.9666666666667,2067.0,97.1978016401511,1911.0,2313.0,0.03333333333333333,0.0,0.18257418583505533,0,1,sobrecalentamiento,16,9
87.98333333333335,87.9,2.687401428291206,82.4,92.1,289.31333333333333,290.35,9.975374276387976,269.5,313.5,95.60666666666665,95.8,3.315057947518007,86.8,100.0,2112.866666666667,2100.5,92.93257968988107,1924.0,2277.0,0.06666666666666667,0.0,0.2537081317024625,0,1,sobrecalentamiento,17,0
88.08333333333334,87.9,2.871871110993828,82.8,93.7,290.83000000000004,294.04999999999995,11.333872029117583,269.7,307.5,95.00333333333333,95.0,3.200159837962121,88.7,100.0,2102.0,2105.0,76.69329872267535,1948.0,2303.0,0.06666666666666667,0.0,0.2537081317024625,0,1,sobrecalentamiento,17,1
88.69666666666666,88.2,2.8672326359236613,83.1,94.8,291.1566666666667,290.35,8.428141830358792,275.1,308.8,95.04333333333334,94.94999999999999,3.4495060449320842,87.9,100.0,2068.2,2054.5,69.27078301355012,1964.0,2190.0,0.2,0.0,0.4068381021724863,0,1,sobrecalentamiento,17,2
88.42000000000002,87.45,3.764296884476935,82.5,96.2,288.00333333333333,289.6,9.97643718220962,268.1,305.7,95.94333333333333,97.3,4.152413783558312,84.4,100.0,2111.2,2126.0,88.12350267742386,1956.0,2257.0,0.03333333333333333,0.0,0.18257418583505533,0,1,sobrecalentamiento,17,3
87.97666666666666,88.45,2.7526392768588024,83.2,92.3,290.08666666666664,288.70000000000005,9.156408471226813,270.9,305.6,95.33,96.25,3.796472954803145,85.3,100.0,2102.4,2110.5,81.52114174693666,1957.0,2326.0,0.16666666666666666,0.0,0.461133037377414,0,2,sobrecalentamiento,17,4
88.38000000000001,88.25,3.1952982700340753,79.9,93.1,290.8666666666667,289.9,9.080153930539884,276.4,312.8,95.42666666666668,95.6,3.098379257448725,86.1,100.0,2112.4666666666667,2108.5,59.05855267171861,1990.0,2224.0,0.03333333333333333,0.0,0.18257418583505536,0,1,sobrecalentamiento,17,5
87.88666666666668,87.5,3.389103567096429,81.2,96.6,292.43333333333334,293.4,8.474803764723685,272.9,306.2,95.42999999999998,96.4,4.113992104329171,87.0,100.0,2110.866666666667,2085.0,92.85648300889717,1951.0,2291.0,0.2,0.0,0.4068381021724863,0,1,sobrecalentamiento,17,6
88.04666666666665,87.7,2.745621383513975,81.2,93.5,289.8733333333333,291.25,9.678448626515095,268.8,314.8,94.62333333333335,94.0,3.3400065386404436,89.2,100.0,2080.0666666666666,2071.5,96.09978052051916,1823.0,2251.0,0.1,0.0,0.30512857662936466,0,1,sobrecalentamiento,17,7
88.20666666666665,88.0,3.145651989140187,80.1,95.5,290.16333333333336,292.5,12.11651717721504,259.9,316.7,94.27666666666667,94.0,3.900193039725911,88.0,100.0,2111.4666666666667,2095.0,101.21357866288064,1882.0,2297.0,0.13333333333333333,0.0,0.34574590364176044,0,1,sobrecalentamiento,17,8
86.72999999999999,87.05,3.676875547676784,77.8,92.8,290.82,291.7,10.984044855121011,268.0,322.3,95.14000000000003,95.35,4.088722926833486,86.5,100.0,2076.133333333333,2086.5,84.01795101020984,1848.0,2190.0,0.1,0.0,0.30512857662936466,0,1,sobrecalentamiento,17,9
88.4,88.15,3.0433647440813347,81.7,93.7,289.3533333333334,289.1,10.975324465656444,262.2,308.7,94.50999999999999,93.85,3.3888610638892858,87.3,100.0,2076.1,2080.5,70.25537161939513,1917.0,2253.0,0.06666666666666667,0.0,0.2537081317024624,0,1,sobrecalentamiento,18,0
87.52,87.75,2.9054526622221535,81.6,91.7,291.32,291.65,10.57751029958993,270.4,323.5,94.26666666666667,93.8,3.9622645330524127,86.7,100.0,2107.366666666667,2094.5,98.67343678233156,1922.0,2291.0,0.1,0.0,0.30512857662936466,0,1,sobrecalentamiento,18,1
87.78,87.95,3.019065852327448,79.1,92.7,289.2133333333333,287.55,10.172333449906757,273.2,316.1,94.77666666666669,95.4,3.3085764553535015,88.7,100.0,2081.0,2066.0,81.38965451498713,1936.0,2293.0,0.1,0.0,0.30512857662936466,0,1,sobrecalentamiento,18,2
88.51333333333332,88.1,2.509806055610993,83.9,94.3,290.5133333333334,291.1,9.086812473003958,273.9,314.7,95.35333333333332,95.75,3.903025646264997,87.6,100.0,2084.733333333333,2087.5,73.81474169807832,1967.0,2249.0,0.1,0.0,0.30512857662936466,0,1,sobrecalentamiento,18,3
88.25,88.75,2.3772992500183747,83.4,92.3,289.64,287.54999999999995,10.534724191601008,257.4,312.6,94.56666666666665,95.5,4.125140192671688,85.6,100.0,2132.4,2138.5,82.81579059825363,1998.0,2318.0,0.06666666666666667,0.0,0.2537081317024625,0,1,sobrecalentamiento,18,4
88.34666666666665,88.1,3.6028468947661985,81.1,96.1,288.34333333333336,287.85,10.267514332822365,268.4,309.1,94.46666666666667,94.15,3.682983548170146,88.3,100.0,2090.5,2096.0,73.88236222723162,1949.0,2230.0,0.1,0.0,0.30512857662936466,0,1,sobrecalentamiento,18,5
87.39333333333336,87.44999999999999,3.053198812476147,81.8,93.3,290.2,293.0,10.068147108922107,259.5,304.0,94.45333333333335,94.05000000000001,3.260286991104897,89.0,100.0,2099.0666666666666,2104.5,72.44019332660152,1959.0,2245.0,0.1,0.0,0.30512857662936466,0,1,sobrecalentamiento,18,6
88.82333333333332,88.05,2.4626427258947454,85.1,95.0,289.79,291.65,8.986555091568354,273.4,310.9,94.57999999999998,94.35,4.121298757464188,85.6,100.0,2090.1666666666665,2088.0,77.04547843401608,1958.0,2266.0,0.03333333333333333,0.0,0.18257418583505533,0,1,sobrecalentamiento,18,7
88.10333333333332,87.75,2.7159152052851083,83.4,95.7,289.89000000000004,289.5,8.400301718719232,273.9,307.6,94.66666666666666,94.5,2.793629863831635,89.8,100.0,2084.9333333333334,2088.5,68.81856873183902,1931.0,2260.0,0.13333333333333333,0.0,0.34574590364176044,0,1,sobrecalentamiento,18,8
87.56333333333332,87.15,2.3960431942070137,83.1,93.3,292.0066666666667,291.35,11.45169565319186,268.6,321.1,93.85666666666665,93.6,3.658592468501337,86.2,100.0,2088.5,2095.5,77.02518620779068,1926.0,2272.0,0.1,0.0,0.30512857662936466,0,1,sobrecalentamiento,18,9
87.53333333333333,86.69999999999999,2.988637486044185,83.7,95.3,289.30000000000007,289.0,10.128314697948996,270.0,305.6,95.40666666666667,95.05000000000001,3.1163565522769594,87.4,100.0,2104.8333333333335,2124.5,88.81638685914129,1869.0,2274.0,0.06666666666666667,0.0,0.2537081317024624,0,1,sobrecalentamiento,19,0
88.31333333333333,88.0,2.77025248859643,80.5,94.1,289.11666666666673,290.29999999999995,10.700018798995188,271.8,316.4,95.14000000000001,95.55,3.713591068048508,88.2,100.0,2077.6666666666665,2079.5,73.53082081138088,1893.0,2222.0,0.16666666666666666,0.0,0.3790490217894517,0,1,sobrecalentamiento,19,1
86.81666666666666,86.75,2.7615691857739315,81.2,93.4,289.4200000000001,290.1,9.239099821803064,266.9,310.4,94.61666666666666,94.55000000000001,4.165215839366039,87.4,100.0,2101.4,2104.0,63.74226119356737,1956.0,2245.0,0.26666666666666666,0.0,0.5208304597621878,0,2,sobrecalentamiento,19,2
87.35666666666667,87.65,2.352941421568615,82.9,92.2,289.53,289.25,7.774722525262725,270.1,303.0,94.27333333333333,94.85,4.821927882677958,84.1,100.0,2110.7,2131.0,88.5426645650325,1902.0,2280.0,0.1,0.0,0.30512857662936466,0,1,sobrecalentamiento,19,3
87.32,88.3,2.8792240333955883,81.1,92.7,295.3866666666666,296.6,8.278711099637697,277.9,310.1,94.82666666666667,95.55000000000001,3.895437944777095,82.8,100.0,2102.9333333333334,2107.0,75.710398016495,1953.0,2262.0,0.13333333333333333,0.0,0.34574590364176044,0,1,sobrecalentamiento,19,4
88.27333333333333,89.35,3.3629762406835852,80.9,93.4,289.32666666666665,289.85,10.079406568921067,268.0,302.7,94.68333333333334,95.0,4.198775136117456,87.0,100.0,2103.5,2093.0,84.06555323900099,1931.0,2264.0,0.06666666666666667,0.0,0.3651483716701107,0,2,sobrecalentamiento,19,5
88.61333333333333,88.45,2.154343380777274,83.0,92.7,292.81,293.0,8.099397593605977,272.3,304.9,96.01333333333334,96.95,3.6327754501571343,89.0,100.0,2091.5,2092.5,83.78945287918464,1917.0,2246.0,0.06666666666666667,0.0,0.2537081317024624,0,1,sobrecalentamiento,19,6
87.80666666666669,88.05,3.2046230972459617,81.6,94.3,286.09,285.5,9.891910662340427,258.9,302.6,94.96333333333334,95.4,3.413713049101987,86.5,100.0,2081.0,2087.5,71.56574021425192,1935.0,2272.0,0.16666666666666666,0.0,0.3790490217894517,0,1,sobrecalentamiento,19,7
87.26333333333334,87.25,3.18677042585851,81.9,92.6,291.06000000000006,290.45000000000005,10.62912719030054,267.4,313.7,95.63333333333337,96.75,3.9136660063418036,87.6,100.0,2093.5666666666666,2093.0,78.71497396580133,1949.0,2245.0,0.16666666666666666,0.0,0.461133037377414,0,2,sobrecalentamiento,19,8
88.27999999999997,88.05,2.9023652661115955,83.4,94.2,287.45333333333326,287.75,10.857787077940195,263.8,315.5,94.16,94.30000000000001,3.9872728559237336,85.3,100.0,2088.9,2092.0,85.11791010527487,1887.0,2310.0,0.0,0.0,0.0,0,0,sobrecalentamiento,19,9
88.50333333333334,87.9,2.368832585070535,85.1,93.9,291.43666666666667,291.05,10.30575611953836,275.4,313.1,94.97333333333333,94.4,3.403439774529671,87.6,100.0,2079.633333333333,2062.5,80.02003341118046,1906.0,2276.0,0.13333333333333333,0.0,0.34574590364176044,0,1,sobrecalentamiento,20,0
88.81999999999998,88.65,3.4200625120320387,82.3,95.8,289.3933333333334,290.5,11.296869671188393,260.6,309.5,95.65666666666667,96.44999999999999,3.512900690934461,87.4,100.0,2104.9666666666667,2110.0,76.54544889884986,1917.0,2280.0,0.03333333333333333,0.0,0.18257418583505533,0,1,sobrecalentamiento,20,1
88.6233333333333,88.05,2.503471153437154,84.6,94.2,290.9,291.5,11.597205370855217,265.5,317.0,95.09666666666666,95.0,3.6525365143288764,87.0,100.0,2086.366666666667,2085.0,74.22588234029557,1918.0,2214.0,0.1,0.0,0.30512857662936466,0,1,sobrecalentamiento,20,2
88.21333333333331,88.25,2.9878758841107462,82.8,92.6,289.53333333333336,290.25,9.791845070519523,262.4,305.5,95.78666666666666,96.75,4.032089672420095,87.8,100.0,2105.7,2103.0,74.32322234208057,1961.0,2273.0,0.06666666666666667,0.0,0.2537081317024624,0,1,sobrecalentamiento,20,3
88.85666666666667,88.55,2.9817471542627527,83.2,97.3,290.1966666666667,290.5,9.483469586722931,273.6,318.5,93.94333333333334,93.95,4.1597980167587325,86.9,100.0,2086.3,2078.5,89.2915217815721,1954.0,2279.0,0.06666666666666667,0.0,0.2537081317024625,0,1,sobrecalentamiento,20,4
87.78666666666668,87.05,3.7252848382958295,82.5,97.2,288.2433333333334,290.35,8.070665627949214,273.6,301.7,93.32,93.19999999999999,3.5548315833815374,86.9,99.4,2104.3333333333335,2124.5,90.4556791199838,1911.0,2313.0,0.06666666666666667,0.0,0.2537081317024625,0,1,sobrecalentamiento,20,5
88.23666666666665,88.30000000000001,2.627767287934804,83.3,94.5,288.3133333333334,289.05,9.960568233802215,264.3,312.5,95.37666666666668,96.9,4.240745163320932,82.0,100.0,2106.6666666666665,2108.5,83.35025115628682,1931.0,2289.0,0.06666666666666667,0.0,0.2537081317024624,0,1,sobrecalentamiento,20,6
88.03999999999998,88.75,3.2661904414776552,80.0,93.5,289.1933333333334,289.85,10.240721059383072,264.0,306.4,95.05000000000001,94.95,3.8405953202326724,87.8,100.0,2109.4333333333334,2084.5,80.6074709181233,1974.0,2265.0,0.13333333333333333,0.0,0.3457459036417604,0,1,sobrecalentamiento,20,7
87.50333333333334,88.4,2.8501038496909183,80.6,92.9,294.21000000000004,295.79999999999995,10.74813055116226,272.8,310.5,94.16666666666667,94.35,3.0551633325414453,89.5,99.8,2090.8333333333335,2103.0,73.71056319440778,1915.0,2217.0,0.03333333333333333,0.0,0.18257418583505533,0,1,sobrecalentamiento,20,8
88.44666666666667,88.35,2.6633830358028305,83.4,94.4,292.3666666666667,293.65,9.652311973655928,270.0,308.6,95.48333333333335,95.8,3.560325763217446,88.7,100.0,2095.3,2095.0,72.28637969669785,1904.0,2296.0,0.2,0.0,0.4068381021724863,0,1,sobrecalentamiento,20,9
87.90000000000002,87.9,2.548292193499064,81.5,93.0,290.3466666666667,289.35,11.219617466382443,270.3,313.2,94.1233333333333,94.5,3.1183199868246176,88.9,100.0,2106.9,2109.0,72.09780234825661,1977.0,2247.0,0.06666666666666667,0.0,0.2537081317024624,0,1,sobrecalentamiento,21,0
87.27000000000001,87.35,2.8968651308279614,82.2,93.0,289.8933333333334,290.4,9.311984615068065,269.1,311.6,93.36999999999998,93.35,3.334578503065035,86.1,100.0,2092.0,2086.5,77.71654951788273,1891.0,2249.0,0.06666666666666667,0.0,0.2537081317024625,0,1,sobrecalentamiento,21,1
87.76999999999997,87.25,3.482582276177381,81.3,94.2,288.7066666666667,289.4,11.683585105588962,264.8,315.6,95.47999999999999,95.65,3.359946633402135,89.7,100.0,2104.133333333333,2104.0,71.78162925742613,1973.0,2332.0,0.13333333333333333,0.0,0.34574590364176044,0,1,sobrecalentamiento,21,2
87.36333333333333,87.3,2.565081612378233,80.9,91.8,287.31,284.55,11.883844437752023,270.1,315.1,94.80666666666667,94.95,3.8472501001797803,88.2,100.0,2091.366666666667,2079.5,58.41674496198863,1959.0,2228.0,0.1,0.0,0.4025778999364487,0,2,sobrecalentamiento,21,3
87.56000000000002,87.9,3.0386703081083533,79.0,93.2,292.12666666666667,291.4,9.428055466800007,274.8,312.0,95.19000000000001,94.5,3.3370800781934893,88.3,100.0,2124.4,2124.0,70.79674646722707,2005.0,2258.0,0.13333333333333333,0.0,0.34574590364176044,0,1,sobrecalentamiento,21,4
87.80999999999999,87.7,2.6345646764660677,81.7,92.8,289.5966666666666,288.25,13.716274836933632,259.7,317.4,95.45333333333333,96.65,4.314029505544978,86.0,100.0,2119.6,2115.5,85.25483098861055,1994.0,2327.0,0.1,0.0,0.30512857662936466,0,1,sobrecalentamiento,21,5
88.02666666666667,88.35,3.3296922642659688,77.9,93.5,291.8066666666666,290.04999999999995,10.845686679054944,273.5,324.8,95.90333333333334,96.35,3.1408853719198713,89.7,100.0,2112.7,2117.0,75.70229805649551,1928.0,2252.0,0.03333333333333333,0.0,0.18257418583505533,0,1,sobrecalentamiento,21,6
88.83,88.85,3.2661429324468334,81.4,95.0,290.4433333333334,288.9,10.703195891828315,265.8,309.7,95.39,95.65,4.136911224906648,81.3,100.0,2088.8,2095.5,78.72711490134549,1947.0,2238.0,0.13333333333333333,0.0,0.34574590364176044,0,1,sobrecalentamiento,21,7
88.2,87.95,2.6578446024992664,83.5,95.6,290.47,292.85,12.120405990696446,265.3,310.9,94.03333333333333,93.75,4.592222310290131,82.6,100.0,2100.8333333333335,2088.5,61.46267907877291,1964.0,2185.0,0.06666666666666667,0.0,0.2537081317024625,0,1,sobrecalentamiento,21,8
88.14333333333335,88.30000000000001,3.430862295685156,81.6,95.1,287.91999999999996,288.0,10.895756845734914,263.5,304.6,94.56666666666666,94.80000000000001,4.0970412649175,84.0,100.0,2083.8,2073.5,83.78066602743142,1948.0,2353.0,0.03333333333333333,0.0,0.18257418583505533,0,1,sobrecalentamiento,21,9
87.43000000000002,86.95,3.061231440292369,82.7,93.9,285.9166666666667,288.75,11.526523635790488,264.3,305.5,94.29333333333332,94.25,3.277397341387421,88.3,100.0,2077.5666666666666,2079.5,79.92871105287956,1935.0,2215.0,0.13333333333333333,0.0,0.34574590364176044,0,1,sobrecalentamiento,22,0
88.13000000000001,88.25,2.816105160653996,83.4,94.3,289.5566666666666,289.95,9.92182141695188,268.5,313.4,95.53,96.05,3.683808935851869,88.1,100.0,2120.6,2114.0,74.84310025094106,2013.0,2260.0,0.13333333333333333,0.0,0.34574590364176044,0,1,sobrecalentamiento,22,1
88.09666666666665,88.5,2.511282586624822,82.4,92.9,291.7433333333334,294.05,9.687663087244214,273.7,305.9,95.33666666666666,95.4,3.483209314186671,85.5,100.0,2080.0,2046.0,83.23005093901088,1970.0,2237.0,0.1,0.0,0.30512857662936466,0,1,sobrecalentamiento,22,2
87.81666666666668,87.55,2.796929761712657,83.6,93.1,290.7233333333333,290.20000000000005,9.974093454038059,272.1,310.9,93.72666666666666,93.94999999999999,3.652767805880653,86.7,100.0,2081.6,2080.0,84.0880490914137,1921.0,2258.0,0.1,0.0,0.30512857662936466,0,1,sobrecalentamiento,22,3
87.37999999999998,87.9,2.7516014145997936,79.9,91.6,292.3066666666666,291.85,9.378733586053126,277.9,315.9,94.35666666666667,94.65,3.1121212782561534,89.2,100.0,2102.6666666666665,2108.5,89.01620671243673,1943.0,2273.0,0.1,0.0,0.30512857662936466,0,1,sobrecalentamiento,22,4
88.72666666666667,87.75,4.156335698278186,79.7,97.4,287.78,287.4,8.281778919348518,272.8,307.5,95.38666666666667,96.0,3.7635945156407224,82.1,100.0,2106.7,2116.0,102.9530023343427,1886.0,2293.0,0.13333333333333333,0.0,0.34574590364176044,0,1,sobrecalentamiento,22,5
87.68,87.30000000000001,2.820295900347558,82.8,94.2,288.5866666666667,289.1,8.336365425396552,272.8,309.5,93.76333333333332,94.05000000000001,3.7959582256098034,86.4,100.0,2128.633333333333,2140.5,75.2854262277823,1953.0,2265.0,0.16666666666666666,0.0,0.461133037377414,0,2,sobrecalentamiento,22,6
88.34,88.4,3.4603766986488216,83.2,99.2,287.53333333333336,288.6,9.106811900358199,270.7,306.2,95.27,95.75,2.961261380816836,89.8,100.0,2107.4666666666667,2099.5,88.1111106279563,1946.0,2301.0,0.1,0.0,0.30512857662936466,0,1,sobrecalentamiento,22,7
88.23333333333335,87.65,3.5625768795899004,80.4,95.7,290.34000000000003,289.1,8.987600654081229,272.3,307.8,95.98333333333333,96.4,3.8752159747005983,86.3,100.0,2078.0666666666666,2079.0,80.0159179565965,1942.0,2279.0,0.13333333333333333,0.0,0.43417248545530474,0,2,sobrecalentamiento,22,8
87.56666666666666,87.75,2.7034248181013716,81.4,92.6,292.70333333333343,291.75,9.43630126740321,279.9,330.9,94.50666666666666,95.1,3.291151494677743,87.3,100.0,2125.266666666667,2118.0,71.98272461971803,1955.0,2263.0,0.16666666666666666,0.0,0.3790490217894517,0,1,sobrecalentamiento,22,9
88.63666666666667,88.5,3.0122145975360377,80.7,96.2,289.02666666666664,288.3,9.22825247152249,271.9,305.6,93.45333333333333,94.0,3.1685668829857483,86.5,100.0,2095.633333333333,2080.0,71.31207922700165,1977.0,2242.0,0.13333333333333333,0.0,0.43417248545530474,0,2,sobrecalentamiento,23,0
87.19333333333333,86.85,2.662891005232306,80.4,92.2,287.8233333333333,288.0,11.717763801414804,267.2,308.4,94.72333333333333,96.0,4.394250423179044,83.1,100.0,2087.3,2070.0,78.76597812726526,1966.0,2256.0,0.23333333333333334,0.0,0.43018306715207627,0,1,sobrecalentamiento,23,1
87.52333333333333,87.65,2.7638907275836697,82.1,92.3,288.21333333333337,287.35,11.025573199059364,263.6,317.5,94.59333333333333,95.0,3.5928025112796655,86.7,100.0,2108.0666666666666,2127.5,81.90908893752092,1893.0,2255.0,0.06666666666666667,0.0,0.2537081317024625,0,1,sobrecalentamiento,23,2
87.93666666666665,88.05,3.0066000196502563,81.8,93.4,289.48333333333335,289.5,10.17973251234965,266.7,315.0,96.96000000000001,96.94999999999999,2.9048829283787327,88.5,100.0,2112.5,2126.5,84.94206950865862,1909.0,2258.0,0.1,0.0,0.30512857662936466,0,1,sobrecalentamiento,23,3
88.61333333333332,88.55000000000001,2.6835043138215466,83.9,97.2,290.56333333333333,287.35,11.092976446237579,275.4,319.1,93.64666666666669,92.94999999999999,3.7148103709279723,86.5,100.0,2118.9666666666667,2119.0,97.231144199268,1936.0,2301.0,0.03333333333333333,0.0,0.18257418583505533,0,1,sobrecalentamiento,23,4
87.91666666666667,87.85,2.784821338085708,82.9,94.2,290.14666666666665,288.55,11.31546800145509,272.5,315.2,94.77,95.1,3.901648634739616,85.2,100.0,2118.0333333333333,2121.5,77.63996630483615,1969.0,2275.0,0.06666666666666667,0.0,0.2537081317024625,0,1,sobrecalentamiento,23,5
87.68666666666667,87.65,3.4424062688096875,80.4,94.6,290.95,291.25,10.964323021069056,269.2,321.5,95.10999999999997,94.35,3.5048095034070554,89.2,100.0,2105.733333333333,2106.0,89.34432939701489,1927.0,2365.0,0.0,0.0,0.0,0,0,sobrecalentamiento,23,6
87.44333333333336,87.30000000000001,2.84213170765856,82.9,93.1,293.6933333333333,295.05,8.419269086685794,275.4,307.0,93.88000000000002,93.7,4.165242055308473,84.8,100.0,2127.2,2117.0,65.87888573895961,1997.0,2239.0,0.1,0.0,0.30512857662936466,0,1,sobrecalentamiento,23,7
88.21,87.95,2.6989589308370037,84.7,94.2,290.8133333333333,291.35,7.297223531204718,275.5,306.2,96.00000000000001,95.8,2.7715301388122815,89.2,100.0,2088.4333333333334,2084.0,86.37076586092252,1871.0,2226.0,0.1,0.0,0.30512857662936466,0,1,sobrecalentamiento,23,8
87.81000000000002,87.65,2.821145524244632,80.8,93.6,287.50333333333333,286.6,11.309790794532498,267.7,317.8,94.18333333333335,94.9,3.31694534727083,85.7,100.0,2085.0333333333333,2088.5,88.45785411156541,1861.0,2287.0,0.16666666666666666,0.0,0.3790490217894517,0,1,sobrecalentamiento,23,9
61.066666666666656,61.3,5.1556686802227585,51.1,74.3,208.7433333333333,202.75,23.963243165074832,173.3,255.9,64.2,63.55,14.764379314814562,37.3,92.9,2378.866666666667,2380.5,44.22881985478616,2285.0,2484.0,5.1,5.0,2.0060254063781153,2,10,degradacion_memoria,24,0
61.29,61.599999999999994,4.493240133417279,50.8,73.1,212.4933333333333,212.35,20.580136612484033,173.4,257.4,68.30333333333333,69.4,15.862392812786046,35.6,100.0,2378.1666666666665,2373.0,32.18704315600358,2324.0,2440.0,5.2,5.0,2.4691196253195047,0,12,degradacion_memoria,24,1
59.18333333333332,60.400000000000006,4.792672807909817,48.3,66.9,201.98999999999995,200.39999999999998,24.962998134480337,157.2,264.9,67.47999999999999,71.25,15.568035333269611,39.4,95.0,2382.8,2381.5,39.79377875480296,2307.0,2453.0,5.333333333333333,5.0,2.154919525392895,1,10,degradacion_memoria,24,2
61.156666666666666,61.15,4.822696579596375,51.6,70.4,204.45333333333335,205.2,21.844161744018713,167.9,244.1,66.89666666666668,69.35,13.112786161588248,33.9,90.8,2383.9666666666667,2376.0,37.57152565746945,2324.0,2472.0,4.966666666666667,5.0,2.157318471738873,1,9,degradacion_memoria,24,3
59.970000000000006,59.6,4.971376691309615,47.9,69.8,209.35666666666668,212.45,27.606591958085478,164.7,260.5,69.07666666666665,68.05,12.611972509275171,41.4,100.0,2371.9,2374.0,34.64833180041608,2304.0,2446.0,5.3,5.5,2.306662015808214,1,12,degradacion_memoria,24,4
59.77,59.6,4.607351696492509,53.5,73.7,204.95666666666665,201.0,27.557121657077836,153.9,267.7,67.39,68.85,14.494121281545077,31.4,100.0,2365.133333333333,2371.0,44.060094802700874,2236.0,2431.0,4.933333333333334,4.0,2.4344274032324718,0,10,degradacion_memoria,24,5
59.64666666666667,59.650000000000006,4.39629415517781,51.5,70.0,206.79333333333335,203.35000000000002,20.441083265264375,165.9,248.0,68.91,66.85,13.353401994532565,40.6,91.9,2384.0333333333333,2379.5,35.22879243022607,2317.0,2458.0,4.533333333333333,4.0,2.8373534698101466,0,10,degradacion_memoria,24,6
60.42,60.95,5.50187428879061,47.7,69.6,213.98999999999998,212.10000000000002,26.51906731079513,165.1,262.4,68.69000000000001,71.80000000000001,14.811629866775123,39.4,96.4,2386.3333333333335,2384.0,37.41135115713276,2311.0,2479.0,5.933333333333334,6.0,2.116166562333936,2,10,degradacion_memoria,24,7
59.68,57.7,6.354384855873282,47.3,71.0,209.3666666666667,210.0,23.961525674373874,163.3,255.8,66.36,67.3,16.496344422639364,32.4,89.8,2377.866666666667,2375.0,29.154444072823658,2338.0,2479.0,4.933333333333334,4.0,2.2273121784406165,2,13,degradacion_memoria,24,8
60.78,60.15,5.409468072517501,48.7,73.4,207.44333333333336,207.75,28.428236125292795,125.6,256.4,66.79333333333334,67.15,12.998645375930346,44.7,97.0,2361.133333333333,2357.0,36.68386221659924,2289.0,2439.0,4.766666666666667,5.0,2.2234383645425253,0,9,degradacion_memoria,24,9
59.11333333333334,57.75,4.558185765330804,50.7,68.4,203.47666666666666,201.85,21.50651358162874,155.0,236.4,70.51333333333332,70.30000000000001,12.04347679589799,46.2,95.0,2378.733333333333,2391.0,41.89801520550728,2282.0,2458.0,5.466666666666667,5.0,2.330211376135492,1,9,degradacion_memoria,25,0
59.18666666666666,59.150000000000006,4.834340759060396,47.2,69.0,213.1633333333333,215.3,24.66245902292533,177.0,277.4,67.80333333333333,65.65,11.492290769313,46.6,93.5,2395.233333333333,2404.0,37.84330973836753,2307.0,2442.0,5.566666666666666,5.5,2.4869775775556096,1,10,degradacion_memoria,25,1
60.66333333333333,59.95,5.095602115505117,52.2,71.2,206.44666666666663,203.89999999999998,25.766681685026327,156.6,259.7,63.316666666666656,65.85,11.909546542609197,35.1,81.6,2383.6666666666665,2384.5,33.00087076524448,2326.0,2452.0,5.433333333333334,5.0,2.0288154065914887,3,11,degradacion_memoria,25,2
59.573333333333345,59.75,4.521514343007548,49.6,68.9,215.36000000000004,213.35,25.67225256427916,171.8,269.0,67.93333333333334,67.65,12.74774715278211,27.4,86.7,2393.8333333333335,2396.0,34.3672692456398,2325.0,2453.0,5.133333333333334,5.5,2.161310798523917,1,9,degradacion_memoria,25,3
61.56333333333334,61.55,5.2550457416778436,52.9,73.6,202.4833333333333,201.05,28.226975155634044,144.4,259.9,62.553333333333335,60.5,14.415980915190143,36.9,92.9,2384.733333333333,2381.5,43.80201013599745,2323.0,2483.0,5.3,5.0,2.2151515866242963,1,11,degradacion_memoria,25,4
59.646666666666675,60.0,5.290051387100216,47.5,69.0,206.5266666666667,204.55,30.60860745892751,158.3,270.2,64.42999999999999,64.3,12.659796533746587,36.0,84.2,2363.866666666667,2358.0,37.44304487078211,2287.0,2437.0,4.4,3.0,2.4996551486292997,1,9,degradacion_memoria,25,5
60.983333333333334,61.2,4.860969346591866,49.8,71.4,204.52,206.4,21.61304523055303,150.4,245.8,68.17000000000002,66.4,18.80326732429674,36.9,100.0,2387.233333333333,2385.0,39.23200956760492,2297.0,2478.0,4.933333333333334,5.0,2.790789448727087,1,13,degradacion_memoria,25,6
60.40333333333333,60.9,4.550822838316948,48.8,67.8,206.81333333333333,202.05,28.80526452521858,154.7,263.5,67.93666666666665,69.94999999999999,14.141172056319688,34.7,88.9,2378.9666666666667,2376.0,36.63565564266342,2320.0,2441.0,5.233333333333333,4.0,2.528231402183848,1,10,degradacion_memoria,25,7
58.50666666666667,58.95,5.227904791189977,50.2,68.7,206.18333333333334,203.3,28.842821175005284,148.5,273.0,64.85333333333332,66.94999999999999,14.238600602813353,37.5,87.3,2380.3333333333335,2379.0,34.32535338576242,2317.0,2454.0,4.533333333333333,4.0,2.4030631792939112,1,11,degradacion_memoria,25,8
59.65333333333333,60.0,3.8835402737027547,51.2,66.5,206.13000000000002,206.64999999999998,26.43907961776436,148.6,267.0,70.71666666666667,71.35,14.639367880957941,37.7,99.7,2376.3,2367.0,41.237035580267836,2275.0,2457.0,4.533333333333333,4.0,2.0800088417141875,1,10,degradacion_memoria,25,9
59.63000000000001,60.0,4.791094468584036,47.7,72.6,209.93666666666667,208.7,20.102435661885103,172.3,260.6,68.49666666666666,66.85,10.259746697596904,51.7,87.1,2378.0333333333333,2375.5,40.75112296598102,2297.0,2468.0,5.066666666666666,5.0,2.1485092399203194,0,10,degradacion_memoria,26,0
59.08333333333333,58.95,4.962555190926193,51.8,70.7,213.35333333333338,216.15,27.269292232299957,166.6,260.2,72.68666666666667,68.25,12.257882286958035,51.9,97.3,2367.133333333333,2377.0,38.45797826139621,2294.0,2426.0,5.166666666666667,5.0,2.666307447069608,1,13,degradacion_memoria,26,1
59.48333333333334,60.400000000000006,5.21503683547895,46.8,67.9,209.24666666666664,203.2,17.760586611416,180.8,241.1,68.23333333333333,70.1,14.47190699092635,32.9,96.1,2374.3,2383.5,48.44346153524995,2244.0,2455.0,5.133333333333334,5.0,1.8143742786394723,1,9,degradacion_memoria,26,2
59.54333333333332,58.9,5.322216503088457,51.4,73.5,213.3666666666667,215.95,32.08318211637748,157.5,335.2,66.23666666666666,64.3,13.353818602346214,40.2,92.9,2370.8333333333335,2369.0,34.996633664055345,2309.0,2455.0,5.3,5.0,1.8597367258983655,1,9,degradacion_memoria,26,3
59.666666666666664,59.2,3.83444761416128,52.8,66.3,207.16333333333333,210.2,31.70803752486364,140.0,273.0,67.59333333333333,66.45,13.680515551218326,39.7,96.4,2383.733333333333,2371.0,37.020901210488944,2324.0,2471.0,5.066666666666666,5.0,1.874204812223285,2,10,degradacion_memoria,26,4
59.57333333333334,58.45,5.274070163730668,50.2,74.4,203.3666666666667,205.60000000000002,23.76794905537393,157.9,248.6,73.28666666666666,74.05000000000001,14.735781769821921,44.6,95.0,2383.9333333333334,2381.0,38.994193496426895,2296.0,2446.0,4.733333333333333,4.0,2.0330600909302543,2,10,degradacion_memoria,26,5
59.106666666666676,58.9,5.325859706112753,48.4,70.7,208.61666666666667,206.8,23.495356596765998,154.2,244.0,66.69333333333334,68.95,14.449410758379313,34.1,87.8,2384.0,2390.5,37.756935878015206,2296.0,2451.0,4.633333333333334,4.5,2.355965770685915,1,11,degradacion_memoria,26,6
60.476666666666674,60.25,4.892688657461313,50.4,70.2,209.06,208.5,24.41244171206206,136.3,249.8,66.20333333333333,61.5,15.159940026569874,31.5,93.7,2390.9,2391.5,37.479511644409776,2296.0,2455.0,4.9,4.5,2.2795946403117227,1,13,degradacion_memoria,26,7
59.59666666666667,58.3,4.612836911035996,46.8,68.9,211.24999999999997,210.3,23.581856702075886,166.5,256.6,62.90666666666667,65.4,12.173910298421905,33.2,83.7,2387.0,2398.0,38.204531235136905,2270.0,2442.0,5.333333333333333,5.5,2.4821199689438633,0,10,degradacion_memoria,26,8
60.059999999999995,59.75,5.023846582326995,42.5,69.9,211.97666666666666,211.05,32.948483124870634,146.0,280.0,66.48,65.85,14.349586080777911,25.4,100.0,2380.8333333333335,2386.5,41.45631962417321,2293.0,2463.0,5.266666666666667,5.0,1.5742175578808126,3,9,degradacion_memoria,26,9
61.16,61.599999999999994,4.992932936696108,52.8,73.1,200.13333333333333,203.05,22.25500072952738,153.8,234.2,66.72333333333333,67.4,11.238378927565144,50.6,87.7,2392.8333333333335,2391.5,44.97975278855521,2338.0,2543.0,4.9,5.0,1.9887615276329897,1,10,degradacion_memoria,27,0
60.24666666666667,59.7,3.696665163810935,51.4,66.3,211.34999999999997,212.6,24.891540593210546,147.7,260.4,63.616666666666674,62.05,14.198763504526415,36.6,95.4,2370.3,2359.0,45.921334535455756,2307.0,2472.0,4.4,4.0,2.2682212383731217,1,10,degradacion_memoria,27,1
59.25,60.0,4.661119445236157,48.7,70.3,206.40666666666667,207.9,18.60315014728148,168.1,242.1,65.92666666666668,68.3,13.044907404631216,37.0,90.0,2382.6666666666665,2381.0,37.17093166601478,2301.0,2469.0,4.6,5.0,1.7538135787379219,1,8,degradacion_memoria,27,2
61.53666666666666,60.3,5.125358411913718,52.2,72.2,203.59666666666666,205.95,25.282043284585964,140.1,259.3,69.53666666666666,69.5,14.195542849134345,31.8,100.0,2379.8,2376.5,38.65800537159599,2318.0,2463.0,5.1,5.0,2.4544119318147235,1,10,degradacion_memoria,27,3
61.92,63.6,5.18880758343678,49.8,69.2,212.16333333333336,206.95,31.229379219523107,154.3,288.4,67.55333333333334,66.4,11.158319405449147,44.3,98.0,2379.0333333333333,2379.0,38.233838896736614,2295.0,2487.0,5.566666666666666,5.5,2.514555329625325,2,12,degradacion_memoria,27,4
60.216666666666676,59.65,4.798568991669922,51.7,71.0,206.33,203.1,20.83210635467316,168.1,263.6,65.61,69.35,16.477055101794928,14.7,87.6,2384.1,2387.5,36.32549214133712,2297.0,2446.0,5.533333333333333,5.0,2.515240899319426,2,13,degradacion_memoria,27,5
59.93333333333333,60.45,5.689272017750077,46.3,68.1,208.36333333333332,209.8,21.862855972273337,156.7,240.4,64.14999999999999,65.0,11.64411202400536,40.2,85.8,2381.5,2379.0,34.43910167437488,2319.0,2454.0,5.166666666666667,5.0,2.492517538185222,1,10,degradacion_memoria,27,6
61.24666666666666,61.45,5.093317686682352,50.4,70.7,206.5766666666667,207.8,26.537906308983153,151.7,249.2,69.00333333333333,69.05000000000001,12.097633947447605,44.8,96.7,2370.5333333333333,2370.0,45.77134575205347,2265.0,2481.0,4.933333333333334,5.0,2.0833218390487516,1,10,degradacion_memoria,27,7
59.99333333333333,60.75,5.0139070960495555,48.9,70.3,209.79666666666668,202.05,26.04794628655254,160.8,264.3,67.47666666666666,66.05000000000001,12.712949773912543,41.1,98.6,2371.5,2370.0,31.18548512944156,2302.0,2439.0,4.133333333333334,3.0,2.812942174691993,0,11,degradacion_memoria,27,8
58.186666666666675,58.6,3.841491568553076,46.3,63.6,212.86333333333334,218.9,31.90057272573464,120.5,269.9,69.13333333333334,69.4,13.86775802513435,46.5,98.7,2383.2,2387.5,48.567336831419446,2275.0,2461.0,4.966666666666667,4.0,2.6324674845990526,1,14,degradacion_memoria,27,9
58.599999999999994,57.45,5.377988343301763,50.8,76.3,210.55666666666667,206.8,27.85060741408225,160.9,263.2,66.27333333333334,64.6,13.759784815211303,33.0,88.2,2376.5333333333333,2384.0,24.749410767396732,2325.0,2410.0,4.266666666666667,4.0,2.1803722132942687,1,9,degradacion_memoria,28,0
59.79333333333334,58.75,5.086081977815288,47.3,67.7,204.33666666666664,208.89999999999998,25.46195922972331,131.9,247.5,68.76,65.0,13.997502240239765,42.2,96.0,2369.1,2362.5,36.451526622398795,2293.0,2448.0,5.5,5.0,2.4033023257521133,1,11,degradacion_memoria,28,1
59.59333333333334,59.95,5.286412859353707,49.4,74.5,206.47,212.35,28.454429992654866,145.7,248.7,70.52,73.65,13.542535798810684,38.4,100.0,2370.4333333333334,2368.0,33.84822445639615,2308.0,2446.0,4.833333333333333,4.5,2.5607559946952807,1,10,degradacion_memoria,28,2
60.643333333333324,60.2,5.720181051712246,49.5,73.4,210.90999999999997,209.14999999999998,24.766027203576186,159.3,263.9,66.54333333333332,66.05,13.586369521752644,27.1,90.6,2383.9666666666667,2383.5,33.2850627504118,2318.0,2456.0,5.166666666666667,5.0,2.320572660199281,1,11,degradacion_memoria,28,3
60.193333333333335,60.8,4.592417538788772,49.3,70.8,203.82000000000005,209.15,22.03874957339052,166.0,244.3,67.84333333333333,69.25,12.174441383016543,42.6,93.2,2375.5333333333333,2375.0,39.56464229005779,2299.0,2468.0,5.3,5.0,2.002584536938755,1,9,degradacion_memoria,28,4
59.21666666666666,59.150000000000006,4.301329652747997,50.3,68.4,203.41333333333333,205.3,30.422606537010385,138.7,267.8,66.95,65.45,15.837074573117434,39.4,100.0,2359.766666666667,2354.5,39.887499842408786,2286.0,2448.0,4.666666666666667,4.0,2.1226745220209295,1,9,degradacion_memoria,28,5
60.5,59.35,4.237028887452085,52.3,70.5,211.89333333333337,213.55,23.82699039460015,162.3,258.1,71.39,69.35,14.623607508126172,42.2,100.0,2389.5,2391.5,41.301874383449075,2305.0,2459.0,4.333333333333333,4.0,1.7875688235283629,1,8,degradacion_memoria,28,6
60.05,60.95,5.6834150734001225,48.9,71.7,206.6333333333333,207.5,24.1373845586744,163.6,257.7,67.68333333333334,66.35,14.792777439271372,29.8,97.8,2380.766666666667,2376.0,38.65022936393854,2294.0,2456.0,5.333333333333333,5.0,2.4541777657185158,2,11,degradacion_memoria,28,7
60.249999999999986,60.85,4.779536119461948,49.5,67.9,213.4,214.75,21.075398306867267,175.1,260.8,66.23333333333332,66.45,15.07162973896671,42.5,100.0,2376.9333333333334,2382.5,39.290196490090054,2295.0,2430.0,6.033333333333333,6.0,2.4280449540423614,1,12,degradacion_memoria,28,8
60.733333333333334,61.25,5.299403566527044,50.2,71.7,206.71000000000004,204.55,21.21301406017639,150.2,257.9,68.92666666666668,72.2,12.201072121725215,33.3,88.6,2375.1666666666665,2383.0,37.73143145363331,2302.0,2465.0,4.433333333333334,4.5,2.6087826905353353,0,10,degradacion_memoria,28,9
60.26333333333334,59.45,4.328771692734106,53.2,67.5,208.75000000000003,207.4,22.491695785563724,149.7,244.6,68.18333333333334,69.75,12.763906096903671,43.8,97.2,2372.9333333333334,2371.5,36.478556131942284,2298.0,2473.0,5.666666666666667,5.5,2.468188409135029,1,12,degradacion_memoria,29,0
59.85,59.9,5.06398711661487,45.0,68.7,215.91666666666669,214.05,34.71705417478149,142.2,303.3,67.44,68.0,17.147526211451428,13.3,99.6,2375.8333333333335,2383.5,44.08931634865701,2271.0,2467.0,4.766666666666667,4.5,2.2996751394765385,1,10,degradacion_memoria,29,1
59.99666666666668,59.45,4.964180894570925,50.8,69.6,211.31,209.45,29.991807502072618,155.9,275.2,67.26,66.5,12.633387620057446,44.0,95.8,2389.766666666667,2396.5,42.57219696025786,2286.0,2466.0,4.633333333333334,4.0,2.645534081185242,1,10,degradacion_memoria,29,2
60.46333333333333,62.0,4.879194629227764,46.2,67.8,205.46,210.5,15.954711767569064,164.5,231.1,64.26,66.9,15.676483595852561,32.2,91.9,2378.3333333333335,2377.0,29.929034839713452,2313.0,2463.0,4.033333333333333,4.0,1.8285727114117012,1,9,degradacion_memoria,29,3
59.586666666666666,60.5,5.220631044782529,48.7,66.8,215.73333333333332,218.55,31.438526039562188,142.4,286.5,64.17,65.15,12.29931733457397,35.8,94.4,2386.6,2383.5,33.81552387842622,2318.0,2452.0,4.6,5.0,2.4011491501735813,1,10,degradacion_memoria,29,4
61.92999999999999,62.25,4.264298462738079,52.5,70.4,214.24000000000004,212.35,24.863317391774935,148.9,263.2,69.70666666666668,67.94999999999999,13.454621903818504,35.4,100.0,2381.3,2373.5,33.60228850991325,2308.0,2447.0,5.0,5.0,2.3925170701657454,1,11,degradacion_memoria,29,5
61.48333333333333,60.65,4.716521463180643,54.2,74.7,205.94000000000003,209.95,27.39163728409546,134.0,252.9,67.69333333333334,67.15,13.669950264353012,41.8,97.8,2376.4,2372.5,31.09008046706016,2310.0,2450.0,5.566666666666666,5.0,1.9771685315872423,2,9,degradacion_memoria,29,6
60.21333333333334,59.65,4.733062967832908,52.2,68.8,204.25999999999996,200.75,21.278086509769658,171.6,250.4,69.63666666666667,72.19999999999999,14.172082399570991,37.1,92.6,2378.3,2377.0,35.8196151233679,2316.0,2435.0,4.5,4.0,1.925330244847397,1,10,degradacion_memoria,29,7
59.05666666666668,59.0,5.374376200102658,49.8,70.3,211.27666666666667,212.5,20.659216584494615,164.6,254.1,72.05333333333331,70.9,12.87506902112958,43.8,100.0,2384.633333333333,2385.5,48.06639325890326,2296.0,2471.0,4.8,5.0,2.074475421850563,1,8,degradacion_memoria,29,8
60.11666666666667,60.95,7.099299787392019,44.2,77.5,217.57999999999998,219.2,24.31754581537287,150.4,262.1,65.96000000000001,68.6,14.268281678918648,31.6,90.0,2383.866666666667,2374.5,43.62278219505012,2304.0,2489.0,4.333333333333333,4.5,1.7086662137132158,1,8,degradacion_memoria,29,9
58.376666666666665,58.5,6.019318516435132,49.5,68.7,207.31666666666666,212.5,27.423876877431205,148.5,253.1,68.97333333333334,69.15,15.723843816567758,43.1,100.0,2376.366666666667,2384.5,37.472273274620214,2306.0,2443.0,4.666666666666667,5.0,1.7681732894739688,2,8,degradacion_memoria,30,0
59.81333333333334,59.75,5.355418354071552,50.4,71.4,211.25666666666663,210.7,26.34743569716211,126.0,262.8,63.85666666666667,63.0,14.042636635552487,39.6,88.7,2374.5,2372.5,32.70215641945892,2306.0,2438.0,5.266666666666667,5.0,2.2273121784406165,2,11,degradacion_memoria,30,1
60.150000000000006,61.150000000000006,5.983699121146867,46.0,73.7,223.54666666666665,219.85000000000002,23.967186380309762,187.5,283.7,64.45666666666666,63.650000000000006,12.698783089494166,42.4,100.0,2377.9,2379.0,25.559059396647978,2326.0,2426.0,5.266666666666667,5.0,2.6252531350306976,1,12,degradacion_memoria,30,2
59.873333333333335,60.6,4.331355870643848,52.3,68.1,204.29666666666662,201.75,27.171174930915974,156.9,257.1,63.913333333333334,67.7,12.115186631927582,45.0,91.3,2373.5666666666666,2375.0,41.717178577964106,2264.0,2452.0,4.933333333333334,4.5,2.3915560269174247,2,11,degradacion_memoria,30,3
60.17666666666666,59.6,4.890009754826554,51.8,73.9,208.99000000000004,213.4,19.498671042247807,165.0,256.3,69.23,70.4,13.028884356928144,39.7,95.1,2374.4333333333334,2372.5,47.60808634105629,2293.0,2496.0,4.833333333333333,4.0,1.931291033860838,2,9,degradacion_memoria,30,4
60.06666666666667,59.55,5.706761466609727,46.7,69.4,208.3133333333334,207.89999999999998,27.07278482463375,142.4,270.0,69.26333333333334,67.6,15.18605266032944,45.4,100.0,2375.9666666666667,2371.0,39.40898141403751,2294.0,2454.0,5.0,5.0,2.1009029257555607,2,10,degradacion_memoria,30,5
58.90999999999999,58.650000000000006,4.343234929769791,48.7,70.6,206.14,201.14999999999998,21.966315906012976,174.4,264.5,67.15333333333334,66.94999999999999,17.562847411379575,21.7,100.0,2383.366666666667,2395.0,48.36818798751306,2254.0,2462.0,5.2,5.0,2.187740134602765,1,10,degradacion_memoria,30,6
60.26333333333333,60.8,4.88851457118046,48.8,71.3,215.2433333333333,209.25,23.405623894377552,184.2,271.2,66.62,64.5,17.370911079276695,23.7,100.0,2370.9,2377.5,47.69829751895655,2279.0,2469.0,4.9,5.0,2.073644135332772,0,9,degradacion_memoria,30,7
58.276666666666664,57.75,5.2677734178312186,47.1,72.5,209.2133333333333,208.3,20.08756234388683,173.8,247.7,67.73666666666665,70.45,16.094387184685683,32.1,92.4,2390.0666666666666,2387.0,34.710560187149774,2327.0,2459.0,4.7,4.5,2.3510819226255286,1,10,degradacion_memoria,30,8
58.62333333333333,59.3,4.803496092706193,49.2,69.6,205.16000000000003,204.35,23.189557697526197,130.5,237.6,68.89333333333333,70.8,14.043944168790045,33.1,90.8,2374.4333333333334,2384.5,43.225697444231365,2249.0,2448.0,5.533333333333333,5.5,2.5014938065819425,1,10,degradacion_memoria,30,9
60.723333333333336,60.150000000000006,6.663781847100575,48.5,80.9,211.11,213.8,28.350580484235305,150.2,265.8,64.46333333333332,66.65,15.39311273070622,34.5,95.8,2369.733333333333,2362.5,38.07337139255469,2277.0,2467.0,4.9,5.0,2.17112715045625,1,10,degradacion_memoria,31,0
60.83333333333333,60.55,4.861270823867819,51.1,70.8,208.05000000000004,202.25,19.349556708813413,179.0,254.1,68.13333333333333,68.45,14.810931036262353,29.0,93.0,2382.8333333333335,2371.0,53.32469398417348,2277.0,2509.0,4.733333333333333,4.5,2.347901973712046,1,11,degradacion_memoria,31,1
60.35,60.3,3.724082853998857,52.0,69.3,208.87999999999997,213.45,23.62928341026783,164.4,273.8,65.41333333333334,63.0,14.030059683146174,39.3,97.9,2387.3333333333335,2378.5,42.01094548126577,2308.0,2490.0,5.233333333333333,6.0,1.8879533405494833,1,8,degradacion_memoria,31,2
59.04,58.15,3.9588051140507647,53.0,66.8,207.20666666666665,211.60000000000002,22.13053645256167,135.4,249.4,69.17,71.55,13.446244187825114,34.7,94.7,2370.4,2372.5,37.71179272250031,2299.0,2453.0,4.9,5.0,2.383130366729354,1,10,degradacion_memoria,31,3
59.92666666666669,59.5,4.527992120540645,52.4,71.4,216.86,219.2,22.929902175829344,158.6,259.0,64.88333333333334,65.80000000000001,16.54067261554719,32.4,99.3,2379.9,2381.5,42.20667539946569,2283.0,2457.0,5.4,5.0,2.010318211215535,2,9,degradacion_memoria,31,4
62.17666666666667,61.8,3.8875294285022792,52.7,68.6,210.7333333333333,205.64999999999998,28.833664870859856,167.6,272.0,67.41666666666667,67.65,13.289899803294576,42.9,100.0,2381.1666666666665,2383.5,44.569266767918506,2278.0,2460.0,5.1,5.0,1.5833182092441613,2,8,degradacion_memoria,31,5
60.306666666666665,59.95,5.284781881991904,47.7,75.2,215.06666666666666,219.2,23.820569687349735,171.8,255.4,68.59,68.19999999999999,14.438032868207785,40.1,93.2,2365.8333333333335,2365.0,35.46351532970511,2296.0,2442.0,5.533333333333333,5.0,2.556038601690775,2,12,degradacion_memoria,31,6
61.54666666666667,62.55,4.600129933197414,53.2,68.7,205.23333333333332,204.2,23.563126268392946,154.8,253.9,73.15666666666667,73.1,12.652836218327339,52.1,100.0,2382.2,2386.0,45.879452240965506,2276.0,2494.0,4.866666666666666,5.0,1.995397001952819,1,10,degradacion_memoria,31,7
58.123333333333335,57.349999999999994,5.856778173596183,48.5,69.8,204.8166666666667,206.25,28.644937969288183,124.2,248.0,69.85333333333334,68.05000000000001,15.726755882085556,29.5,100.0,2370.766666666667,2375.0,36.78988179240116,2256.0,2452.0,5.0,5.0,1.9826836567538,2,9,degradacion_memoria,31,8
60.306666666666665,59.7,4.927329369206373,49.0,70.8,205.91666666666663,208.55,23.390804018752284,139.0,252.9,71.34666666666666,72.0,13.665479623245327,36.6,99.5,2386.1666666666665,2389.0,38.76817334319243,2286.0,2473.0,5.633333333333334,5.5,2.3559657706859154,0,10,degradacion_memoria,31,9
60.09666666666667,59.45,5.256620346883001,52.8,74.4,203.03666666666666,206.95,25.166459388656946,143.8,265.2,71.17666666666666,72.6,12.146879358951399,50.6,91.0,2372.766666666667,2379.5,36.66501041191379,2290.0,2439.0,4.733333333333333,4.5,2.517981311498851,0,10,degradacion_memoria,32,0
60.81666666666667,61.3,7.022333011153789,42.6,71.9,208.92666666666668,209.55,31.49052329624365,152.2,274.9,65.38,59.65,15.646270900871182,37.5,98.2,2380.9333333333334,2393.0,34.71652029811161,2302.0,2446.0,5.633333333333334,6.0,2.5118111796667466,2,11,degradacion_memoria,32,1
60.59333333333334,60.55,5.656301541328643,51.7,72.1,205.57000000000002,200.65,22.598461192653406,175.4,264.5,69.36666666666666,69.45,9.056578227752594,54.7,91.2,2379.9333333333334,2377.5,37.72306834096971,2307.0,2443.0,4.933333333333334,5.0,1.837039096937831,2,8,degradacion_memoria,32,2
59.12333333333333,58.7,4.962457909720458,48.7,69.0,208.8,207.95,24.74253631801469,164.9,268.3,66.6,65.6,14.694779743981805,29.6,95.9,2380.6,2380.5,37.28325870025775,2309.0,2468.0,5.033333333333333,5.5,2.4280449540423614,1,11,degradacion_memoria,32,3
61.223333333333336,61.85,5.044264980688694,49.3,72.0,214.79,214.64999999999998,20.42922771001357,176.7,264.1,74.07333333333332,73.8,11.74754364151057,47.7,98.8,2380.8333333333335,2387.0,37.482946313861405,2305.0,2460.0,4.833333333333333,5.0,2.2755572766995407,1,9,degradacion_memoria,32,4
59.83666666666668,59.849999999999994,4.861848898582069,47.0,70.7,207.0333333333333,204.95,27.573679770606496,139.3,276.0,70.57333333333332,69.0,12.171275776309916,42.8,92.0,2378.3,2374.5,39.065065088193926,2303.0,2458.0,4.766666666666667,4.0,2.1283526628524854,1,10,degradacion_memoria,32,5
60.5,59.599999999999994,4.943403825231187,52.5,71.2,213.50333333333336,212.05,21.290510810563298,154.8,256.3,66.02,67.35,11.58085221091412,42.3,89.4,2371.866666666667,2380.5,47.66386134337964,2279.0,2442.0,4.766666666666667,5.0,1.7157150581957192,2,9,degradacion_memoria,32,6
59.92333333333333,59.1,4.693626150087116,50.8,71.6,207.24000000000004,204.05,22.540287303495887,165.3,258.3,62.01,64.3,13.117594133913009,26.5,86.3,2362.9,2377.0,40.35219944439212,2273.0,2414.0,5.433333333333334,5.0,2.7124659010516274,2,13,degradacion_memoria,32,7
59.61,59.35,4.130821910367525,52.1,68.0,206.71666666666664,206.45,30.30116742184097,142.4,256.4,67.56,66.25,14.810611293817407,39.2,100.0,2396.5333333333333,2387.0,50.63236891168727,2312.0,2515.0,5.266666666666667,5.0,2.4202213254923226,1,10,degradacion_memoria,32,8
57.71999999999999,57.349999999999994,4.823534260127183,47.4,66.2,205.65000000000003,203.5,24.688804526860284,154.8,264.4,71.63333333333334,71.3,11.591029032100149,42.3,99.6,2379.866666666667,2391.0,44.405446492079314,2286.0,2460.0,4.8,5.0,2.04095988235421,2,10,degradacion_memoria,32,9
60.11333333333333,60.95,4.917718375729593,46.4,67.6,212.57666666666668,212.5,29.62552118945971,139.5,273.2,71.11333333333333,70.75,12.718808590195193,47.3,97.5,2386.766666666667,2382.5,43.92680693854371,2304.0,2459.0,5.8,6.0,2.3252734359047187,0,11,degradacion_memoria,33,0
60.686666666666675,61.2,5.097581125723584,50.4,72.0,211.72333333333336,212.65,27.336052780333805,165.4,274.8,70.42333333333335,73.5,16.462510876771383,35.9,99.1,2360.3333333333335,2364.5,43.188706484636604,2256.0,2458.0,5.1,5.0,1.953776184548871,0,9,degradacion_memoria,33,1
59.00000000000001,58.25,5.294304030976478,48.4,77.3,211.12333333333333,207.9,26.167822875107294,165.4,259.0,67.59666666666666,67.19999999999999,15.53741831245114,27.8,100.0,2381.2,2385.0,35.746617877152694,2289.0,2442.0,4.5,4.0,2.14556479181172,2,9,degradacion_memoria,33,2
59.513333333333335,58.95,5.169121404257597,47.8,72.2,213.96666666666664,215.75,22.260159762312533,157.3,263.0,64.27666666666667,67.1,13.474847151160061,34.4,88.3,2380.7,2387.0,40.83790497514069,2299.0,2457.0,4.8,5.0,2.455114296096325,1,11,degradacion_memoria,33,3
59.48,59.45,4.502826698404244,44.4,65.8,207.53333333333336,211.55,25.554948685114798,146.3,264.3,63.85,62.55,12.552915583846342,40.7,86.8,2366.766666666667,2369.0,32.51809399060174,2298.0,2429.0,4.933333333333334,4.0,2.362542951017462,1,11,degradacion_memoria,33,4
59.763333333333335,59.7,5.068597257715348,51.0,73.0,211.40666666666667,210.14999999999998,26.561937161041673,159.2,273.8,68.13000000000001,65.80000000000001,10.520920046302493,52.6,90.1,2365.0,2365.0,45.625915201024014,2258.0,2475.0,5.033333333333333,5.5,2.2966742571984735,0,10,degradacion_memoria,33,5
60.84333333333334,61.05,4.6580063319520875,49.6,67.4,211.2766666666667,219.55,23.86381885982863,154.5,245.6,71.88000000000001,69.75,10.669175710654857,56.4,100.0,2382.4666666666667,2376.0,43.144291453881486,2252.0,2445.0,5.733333333333333,5.0,2.6120850877693718,1,11,degradacion_memoria,33,6
59.40333333333333,59.95,5.088220563787219,48.0,70.4,211.3833333333333,212.4,18.45966868110292,159.9,243.4,73.07666666666667,74.4,15.799229211520444,47.0,100.0,2389.733333333333,2397.0,37.16313833053813,2318.0,2473.0,4.8,5.0,2.2345253295221026,1,11,degradacion_memoria,33,7
60.183333333333344,59.9,5.3981531537428955,49.7,73.3,211.45333333333332,213.0,24.04984383537131,157.9,253.3,69.83666666666666,73.5,12.146391072740661,50.1,87.9,2368.8,2370.0,38.85552372749506,2286.0,2472.0,5.1,4.5,2.17112715045625,2,10,degradacion_memoria,33,8
62.176666666666684,61.9,4.79293181698831,50.4,69.8,206.6233333333333,199.85,24.38044274630277,171.9,255.2,67.72666666666667,70.80000000000001,14.764284335992143,21.3,90.3,2378.1,2376.5,33.20194219495663,2307.0,2442.0,4.933333333333334,5.0,1.8925139881655562,2,10,degradacion_memoria,33,9
58.82333333333333,59.95,6.9561524905125784,43.1,73.1,207.97,213.7,25.04978697686283,136.9,254.4,70.49666666666666,73.85,14.34605516685945,43.1,93.3,2396.0333333333333,2397.5,36.74279974815928,2337.0,2503.0,4.5,4.5,2.080285126346038,1,10,degradacion_memoria,34,0
59.55333333333335,59.0,5.329794803149381,46.6,71.0,215.44333333333336,217.05,22.068321551308657,167.6,252.7,67.91333333333333,69.69999999999999,12.413778033196472,37.7,88.5,2376.733333333333,2377.0,43.86730251434498,2259.0,2441.0,4.333333333333333,4.0,1.7875688235283627,1,8,degradacion_memoria,34,1
60.45000000000001,61.75,4.6538638007425694,50.1,67.8,203.75999999999996,199.10000000000002,27.087668653899474,150.7,283.8,63.809999999999995,64.5,13.332132560872985,36.2,92.3,2387.4666666666667,2396.5,32.73586384394332,2330.0,2452.0,6.133333333333334,6.0,2.6487906587767536,2,12,degradacion_memoria,34,2
60.353333333333346,60.5,4.94408272816996,51.5,73.4,203.52,207.65,28.969917810222285,152.6,259.4,70.57999999999998,72.6,11.809622026711654,42.1,91.0,2384.233333333333,2385.0,43.63459820967234,2302.0,2475.0,5.6,6.0,1.9046223265772542,2,9,degradacion_memoria,34,3
60.53666666666666,60.05,4.5394427223928115,52.2,69.1,208.3133333333333,205.8,17.596840102961536,178.2,238.2,68.95,66.95,15.589801042724186,37.8,100.0,2381.0666666666666,2384.0,36.168125930622026,2296.0,2458.0,5.266666666666667,5.0,2.288401540201239,0,10,degradacion_memoria,34,4
60.13999999999999,60.0,4.268618447258534,52.1,68.2,209.21666666666667,204.35,25.24513040559312,157.8,268.4,72.11666666666666,71.6,11.758784928235814,42.9,100.0,2384.0333333333333,2381.0,41.07477062150433,2311.0,2479.0,4.8,5.0,2.1559860533104023,1,9,degradacion_memoria,34,5
59.989999999999995,60.2,4.91271046754549,51.2,71.5,214.87666666666664,213.9,25.389689508407407,161.6,277.2,67.32666666666665,66.35,13.257422991208209,32.4,91.8,2384.266666666667,2384.5,36.0420571701654,2316.0,2459.0,5.133333333333334,4.5,2.763472744427815,1,11,degradacion_memoria,34,6
60.55333333333333,60.849999999999994,4.949171531738894,50.7,73.3,215.88999999999996,215.60000000000002,33.20790672363311,166.9,282.2,69.01666666666668,69.15,12.552595097355802,41.2,94.2,2373.1,2374.5,47.48382664764339,2280.0,2482.0,5.6,5.5,1.9581835354789114,2,10,degradacion_memoria,34,7
60.040000000000006,60.75,4.606636891298885,51.3,70.2,216.90000000000003,218.60000000000002,25.311929857350826,150.3,265.2,67.33333333333331,65.44999999999999,13.869821701196758,47.7,100.0,2365.7,2358.5,39.77969504572697,2275.0,2461.0,5.1,4.5,2.656806483290639,0,11,degradacion_memoria,34,8
60.4,60.55,4.523501847630577,51.4,70.2,208.39333333333332,208.45,24.88744224722974,156.2,268.9,69.09333333333333,70.85,13.15761044580961,38.9,98.7,2379.0,2386.5,31.705541776010467,2309.0,2443.0,4.466666666666667,4.0,2.5828790850165815,0,9,degradacion_memoria,34,9
59.27666666666666,59.45,5.464221137882155,46.2,69.8,206.34666666666666,207.65,19.07413365562493,172.3,240.1,67.79,64.85,15.230014603656368,37.6,100.0,2373.266666666667,2388.5,59.417246615795804,2251.0,2464.0,3.933333333333333,4.5,1.9286109586656033,0,7,degradacion_memoria,35,0
61.60666666666667,60.05,4.990952734238456,54.4,72.4,206.65333333333336,205.5,24.532353491177563,144.2,250.6,66.95333333333333,63.099999999999994,13.846740767597893,40.5,93.2,2381.1666666666665,2388.5,44.10182835629172,2275.0,2455.0,5.233333333333333,5.0,1.9419743478779763,2,9,degradacion_memoria,35,1
59.92333333333333,60.3,4.581121932553153,50.6,67.1,217.33666666666667,219.45,28.897374696809678,160.2,286.9,67.86,67.0,15.789948788980306,29.6,100.0,2379.4666666666667,2379.0,38.10668629295763,2302.0,2452.0,4.733333333333333,4.5,2.5042492623171704,1,10,degradacion_memoria,35,2
59.846666666666664,59.4,4.954603107618509,50.6,69.0,207.79,206.05,21.436471499405577,145.4,258.0,61.42999999999999,60.4,18.195511951369046,31.2,100.0,2381.8,2379.0,38.090092838083144,2298.0,2481.0,5.566666666666666,5.0,2.9674479146965296,1,12,degradacion_memoria,35,3
58.32333333333333,58.3,3.6615130971935006,49.2,66.2,208.44333333333333,207.6,22.292455555919442,154.8,249.7,71.06666666666665,73.94999999999999,14.754621329424642,43.2,100.0,2387.9666666666667,2391.5,38.28521217473357,2301.0,2463.0,4.6,4.0,2.0273985369399394,1,11,degradacion_memoria,35,4
59.12666666666667,58.65,6.546646065936639,45.9,70.7,213.22333333333336,211.3,23.211229198806777,172.5,267.1,69.21000000000001,70.5,12.4366352584501,46.0,86.6,2368.5666666666666,2362.0,39.68816668369356,2305.0,2456.0,4.566666666666666,4.5,2.2846313115872894,0,9,degradacion_memoria,35,5
58.846666666666664,58.2,6.155050257971977,44.4,74.1,205.7,205.95,20.666848349219947,171.0,244.3,68.40333333333335,66.65,9.719389910374264,50.9,91.2,2387.8333333333335,2389.5,54.30189133261245,2266.0,2536.0,4.733333333333333,4.5,2.258063456750639,1,9,degradacion_memoria,35,6
60.71000000000001,60.099999999999994,4.999610329643287,49.8,71.4,206.3233333333333,209.8,25.24799320578846,141.6,252.3,68.12333333333333,68.25,10.120981393511997,40.6,93.5,2382.1666666666665,2392.0,38.46187842466905,2310.0,2462.0,5.066666666666666,5.0,2.1644993581113314,1,10,degradacion_memoria,35,7
59.13666666666666,58.4,4.560057722965972,48.7,68.5,215.38333333333335,217.1,29.882806535477584,146.5,261.7,70.53,73.65,15.379524005010351,24.3,100.0,2381.4,2380.5,39.859754138729954,2301.0,2461.0,5.866666666666666,6.0,2.7883171705668923,2,11,degradacion_memoria,35,8
60.68,60.2,4.812154152373643,49.1,73.0,206.98000000000002,208.6,19.984535400464377,161.2,245.8,67.52666666666667,67.55,12.895306104944925,35.9,86.9,2387.7,2384.5,42.216314872088375,2270.0,2470.0,4.566666666666666,4.0,1.568731825465999,2,8,degradacion_memoria,35,9
52.366666666666674,51.2,7.4088639053377205,38.0,70.4,137.05,142.0,47.31556388976989,40.8,237.5,62.440000000000005,64.5,25.386904036367334,0.0,100.0,1737.2,1749.0,237.48704501872126,1124.0,2214.0,0.16666666666666666,0.0,0.3790490217894517,0,1,falla_alimentacion,36,0
50.91666666666667,49.45,8.241404438955584,36.3,71.7,119.83666666666667,121.4,41.3944980796285,46.2,194.4,48.96,43.55,26.44598398557931,0.0,100.0,1778.2666666666667,1772.5,189.33748983619506,1409.0,2187.0,0.2,0.0,0.4068381021724863,0,1,falla_alimentacion,36,1
48.33000000000001,51.05,9.46303698426236,27.7,64.2,142.78333333333333,140.95,39.699779234453786,46.8,225.1,55.43333333333332,53.0,22.992432538185003,1.9,99.3,1769.9666666666667,1791.0,210.68615052487078,1302.0,2105.0,0.23333333333333334,0.0,0.5040069329937308,0,2,falla_alimentacion,36,2
50.00000000000001,47.4,9.474665467143721,33.7,69.4,134.3310344827586,134.6,48.625368918529084,30.7,221.3,57.98620689655173,58.8,24.917187472246816,0.0,100.0,1847.3793103448277,1869.0,164.44764989701207,1472.0,2115.0,0.13793103448275862,0.0,0.3509312031717982,0,1,falla_alimentacion,36,3
50.55999999999999,51.0,7.300618773964206,36.6,64.9,154.42666666666668,160.85000000000002,46.33125059405579,45.3,241.2,54.18999999999999,56.650000000000006,25.271059500461433,0.0,94.2,1791.5666666666666,1735.0,197.3043654957441,1452.0,2277.0,0.3333333333333333,0.0,0.47946330148538413,0,1,falla_alimentacion,36,4
48.19666666666667,48.349999999999994,8.517101795124075,29.4,62.7,135.8,134.9,51.98783677374731,27.1,259.4,53.776666666666664,51.0,20.764304306509604,17.9,100.0,1764.8666666666666,1806.5,230.8956673378743,1204.0,2164.0,0.3,0.0,0.5959634332684376,0,2,falla_alimentacion,36,5
47.730000000000004,46.95,6.624101760837541,31.1,62.2,135.07,128.0,41.85725455187773,69.4,245.0,61.31666666666667,65.15,27.88964810219677,0.0,100.0,1818.6333333333334,1809.5,191.18279451755126,1483.0,2156.0,0.1,0.0,0.30512857662936466,0,1,falla_alimentacion,36,6
47.34333333333334,48.7,8.581040983925906,28.7,62.7,140.3066666666667,143.0,38.86759960237543,67.0,197.1,55.93333333333332,55.1,23.984151855545882,11.4,96.5,1727.2666666666667,1724.5,165.79400041832832,1357.0,2241.0,0.2,0.0,0.48423419811150237,0,2,falla_alimentacion,36,7
51.53333333333333,50.650000000000006,7.60690853574988,35.1,68.9,142.79999999999998,142.64999999999998,48.78775991210684,27.7,236.8,51.36333333333333,54.65,27.63949552078833,0.0,96.0,1799.9,1860.0,233.31780161771655,1223.0,2157.0,0.2,0.0,0.4068381021724863,0,1,falla_alimentacion,36,8
50.769999999999996,50.15,8.611666104967625,36.1,68.1,131.45333333333332,131.5,37.95656985822479,65.5,207.4,58.72333333333334,61.85,23.132790331167293,20.5,100.0,1756.5,1784.5,179.77970235627365,1333.0,2046.0,0.3,0.0,0.651258728182957,0,2,falla_alimentacion,36,9
50.873333333333335,50.849999999999994,8.508005695786776,33.9,74.2,136.76000000000002,143.75,44.80662358671293,32.6,227.6,53.69666666666667,55.8,22.98323952036733,0.0,100.0,1801.5333333333333,1768.5,258.6447081567131,1301.0,2248.0,0.2,0.0,0.4068381021724863,0,1,falla_alimentacion,37,0
52.773333333333326,53.900000000000006,7.715409271703288,30.0,65.8,137.20666666666668,134.85000000000002,40.2855662809239,55.8,235.4,60.39999999999999,58.55,24.216366651360058,9.8,98.6,1793.1333333333334,1790.5,182.2127845420697,1427.0,2116.0,0.23333333333333334,0.0,0.43018306715207627,0,1,falla_alimentacion,37,1
50.866666666666674,50.400000000000006,7.997600214777075,36.2,68.5,131.15666666666667,135.2,36.7438165882542,25.1,193.8,57.34666666666667,53.0,19.662246922032804,17.4,100.0,1772.2333333333333,1752.0,176.86965458394403,1442.0,2252.0,0.26666666666666666,0.0,0.5208304597621878,0,2,falla_alimentacion,37,2
49.40666666666667,49.400000000000006,6.059699169347312,36.7,64.5,136.87333333333333,138.65,51.32035244143052,36.3,217.4,54.54666666666665,53.349999999999994,16.3397491504261,29.3,100.0,1764.2,1788.0,224.53744023873952,1314.0,2163.0,0.2,0.0,0.48423419811150237,0,2,falla_alimentacion,37,3
48.160000000000004,48.0,5.928284045500683,33.4,58.1,139.45000000000002,140.35,40.0902494809932,36.9,211.2,57.403333333333336,50.650000000000006,21.185461562335508,19.5,100.0,1815.9,1808.0,176.24323904860813,1404.0,2123.0,0.36666666666666664,0.0,0.5560534167675355,0,2,falla_alimentacion,37,4
48.84666666666667,51.25,8.807000872477309,22.6,60.6,143.97666666666666,137.75,34.959204632052874,78.2,228.2,52.60333333333333,48.85,24.27930129275486,4.8,92.9,1772.6,1746.5,205.8927742363938,1387.0,2284.0,0.23333333333333334,0.0,0.5040069329937308,0,2,falla_alimentacion,37,5
50.28,50.05,8.070482616000879,30.0,67.6,129.39,133.2,48.88209847913792,41.6,225.0,47.43,52.05,24.929447343003538,0.0,91.5,1808.0666666666666,1874.0,217.8346309400358,1382.0,2107.0,0.26666666666666666,0.0,0.5208304597621878,0,2,falla_alimentacion,37,6
51.89999999999999,51.65,5.91864383347961,42.6,62.9,150.51333333333332,147.0,46.28813606346539,73.9,261.5,55.96,50.95,24.31736430817599,0.0,97.6,1836.0666666666666,1833.0,207.80925161664788,1506.0,2212.0,0.06666666666666667,0.0,0.2537081317024625,0,1,falla_alimentacion,37,7
48.38,47.45,7.677032472655492,28.1,63.7,136.51666666666668,135.95,41.810929798017085,39.8,237.0,58.82666666666668,55.95,22.473968594082713,27.2,100.0,1806.6,1831.0,149.05139127622832,1403.0,2069.0,0.3,0.0,0.534983080621924,0,2,falla_alimentacion,37,8
50.99666666666666,52.150000000000006,6.718860911942066,38.0,64.1,150.88000000000002,154.05,48.291531348674376,67.3,266.9,56.71,59.599999999999994,25.229011078518315,4.5,98.7,1800.3333333333333,1801.0,217.2269325610548,1467.0,2340.0,0.26666666666666666,0.0,0.5832922809856749,0,2,falla_alimentacion,37,9
50.13333333333334,50.599999999999994,5.90110061816837,40.5,64.0,142.4633333333333,143.8,45.33784658906214,41.8,229.3,54.946666666666665,51.55,24.271236465005856,0.0,100.0,1763.1666666666667,1766.5,180.51154960342535,1218.0,2065.0,0.23333333333333334,0.0,0.5040069329937308,0,2,falla_alimentacion,38,0
49.58666666666667,49.35,9.489549000341643,29.1,69.7,152.79,153.10000000000002,41.73253382326965,87.0,240.0,51.71,48.85,24.815058692879095,0.0,98.1,1859.2333333333333,1838.0,187.59782428951814,1458.0,2398.0,0.13333333333333333,0.0,0.34574590364176044,0,1,falla_alimentacion,38,1
48.95666666666666,49.349999999999994,6.465808391911993,39.5,66.8,154.1333333333333,155.60000000000002,42.944377283060994,69.1,239.2,53.690000000000005,45.5,25.993783739645295,3.7,100.0,1849.8666666666666,1867.0,207.89598416007235,1515.0,2176.0,0.13333333333333333,0.0,0.34574590364176044,0,1,falla_alimentacion,38,2
50.16,50.599999999999994,6.240501748174223,34.1,64.1,147.43666666666664,139.55,39.71459805727076,84.7,210.2,51.75999999999999,54.55,24.796198262553514,0.0,91.6,1821.1666666666667,1843.0,209.64766556811674,1365.0,2192.0,0.2,0.0,0.4068381021724863,0,1,falla_alimentacion,38,3
51.68666666666665,51.95,9.702638579391632,34.6,75.6,134.73,136.0,39.92848909462153,23.7,226.3,50.83333333333333,49.25,22.332353727014663,6.4,100.0,1758.2,1777.5,179.13785868373301,1385.0,2116.0,0.1,0.0,0.30512857662936466,0,1,falla_alimentacion,38,4
50.56333333333334,52.25,8.438846274034242,30.7,64.6,137.33666666666667,138.65,45.25141631110478,28.4,207.0,46.82,47.9,22.514384673834176,0.0,100.0,1732.5666666666666,1742.0,283.68069511619785,1022.0,2292.0,0.23333333333333334,0.0,0.6260623155792925,0,3,falla_alimentacion,38,5
50.656666666666666,48.85,8.800379432781268,35.0,70.9,145.94666666666663,153.3,37.62277129000773,44.2,218.2,54.70666666666666,52.400000000000006,19.6942829676329,23.6,92.1,1838.6333333333334,1790.5,202.95497773768878,1399.0,2328.0,0.3,0.0,0.651258728182957,0,2,falla_alimentacion,38,6
49.96333333333333,49.35,8.290521523187596,34.8,70.5,140.80666666666667,147.5,46.01309358877314,28.7,243.7,53.40666666666667,46.05,25.857153126670614,11.5,100.0,1827.7333333333333,1829.0,206.85276011650436,1354.0,2179.0,0.2,0.0,0.4068381021724863,0,1,falla_alimentacion,38,7
50.91034482758621,48.0,8.671642817976396,36.5,72.8,144.0413793103448,143.4,49.281954950507405,65.0,235.6,52.56206896551724,58.3,26.44492138379454,2.5,100.0,1815.7586206896551,1795.0,212.96992664499,1271.0,2231.0,0.27586206896551724,0.0,0.6489855668732952,0,2,falla_alimentacion,38,8
52.89666666666667,53.75,8.721573858811988,30.9,72.6,142.84,142.35,53.727695291900524,19.5,259.9,53.41,54.900000000000006,24.60921260072305,0.0,100.0,1764.2,1762.0,190.97235763143928,1342.0,2120.0,0.16666666666666666,0.0,0.3790490217894517,0,1,falla_alimentacion,38,9
50.80666666666666,50.900000000000006,6.444561103449322,39.2,65.3,127.67999999999999,127.94999999999999,42.742552486994136,26.4,211.2,54.286666666666655,60.55,24.616447169816517,7.1,89.8,1875.2333333333333,1911.0,220.7636719448531,1337.0,2167.0,0.1,0.0,0.30512857662936466,0,1,falla_alimentacion,39,0
50.42,51.4,6.261838443273282,36.7,61.0,134.73,130.9,47.071399545503354,55.0,238.5,63.436666666666675,63.599999999999994,19.920176625261362,8.0,100.0,1818.5666666666666,1854.0,176.59259236491468,1363.0,2080.0,0.1,0.0,0.30512857662936466,0,1,falla_alimentacion,39,1
51.126666666666665,51.25,7.517562578817471,35.7,64.6,134.61333333333334,137.5,55.056527273360594,56.6,256.4,62.650000000000006,62.2,19.83305756593756,27.8,94.6,1789.5666666666666,1781.5,202.94345795427054,1443.0,2332.0,0.13333333333333333,0.0,0.43417248545530474,0,2,falla_alimentacion,39,2
48.44666666666667,48.4,8.007183556391544,34.4,66.6,147.09666666666664,141.55,45.601160627496235,43.6,237.7,55.83,51.55,22.497358465629567,0.0,100.0,1733.4333333333334,1799.5,212.28554019224353,1277.0,2155.0,0.4,0.0,0.6746646676632054,0,2,falla_alimentacion,39,3
48.083333333333336,47.150000000000006,5.900560074721916,39.4,57.8,123.40333333333334,121.25,40.98870730380237,61.0,224.2,55.63333333333334,58.4,21.80886142790607,0.0,96.7,1816.4,1721.5,227.12955440179647,1469.0,2502.0,0.4666666666666667,0.0,0.6288102248298566,0,2,falla_alimentacion,39,4
51.05666666666666,51.3,4.310187077573102,40.6,58.3,152.36999999999998,139.60000000000002,43.42162301005786,88.5,275.7,58.15,59.3,20.35930271145237,17.6,100.0,1831.5333333333333,1830.0,234.26815365322696,1323.0,2285.0,0.16666666666666666,0.0,0.3790490217894517,0,1,falla_alimentacion,39,5
50.283333333333324,49.45,7.807118031259869,37.5,65.2,156.18,152.2,54.97324364853669,56.1,279.8,47.606666666666676,48.349999999999994,24.471995723942168,0.0,100.0,1843.8333333333333,1833.5,166.22317431140857,1514.0,2104.0,0.03333333333333333,0.0,0.18257418583505533,0,1,falla_alimentacion,39,6
51.18333333333333,51.7,8.178950414634967,37.1,74.8,140.67999999999998,147.14999999999998,47.67835770140839,27.5,245.5,52.28666666666666,51.0,22.781400964055248,5.0,88.7,1708.1333333333334,1753.5,187.59838491572498,1324.0,2024.0,0.1,0.0,0.30512857662936466,0,1,falla_alimentacion,39,7
48.556666666666665,46.8,8.243855949708257,30.0,67.1,129.04666666666668,132.15,44.65434861886032,55.4,219.3,60.60000000000001,63.15,20.31910940215028,12.9,100.0,1805.1666666666667,1749.0,224.75766004104605,1501.0,2412.0,0.1,0.0,0.30512857662936466,0,1,falla_alimentacion,39,8
50.42666666666667,51.0,8.532086834246734,25.3,65.8,155.0566666666667,159.5,34.23938731458495,95.5,233.2,55.34,50.05,25.072111171991278,15.0,99.9,1772.7333333333333,1788.5,210.44860677123526,1465.0,2185.0,0.26666666666666666,0.0,0.5832922809856749,0,2,falla_alimentacion,39,9
50.93999999999999,50.05,7.134839243772964,32.4,63.7,140.89333333333332,143.35,46.07110646136809,47.3,213.6,51.71666666666666,45.95,20.867580586647556,14.7,100.0,1784.2333333333333,1795.0,238.88789512401337,1112.0,2129.0,0.2,0.0,0.5508613944197477,0,2,falla_alimentacion,40,0
48.22666666666667,48.15,7.284652422699399,34.9,59.6,137.56333333333333,136.14999999999998,51.01070532222883,53.3,239.8,47.470000000000006,48.4,21.97038994835455,8.9,100.0,1715.6333333333334,1723.5,182.0226365864561,1294.0,2208.0,0.3333333333333333,0.0,0.5466722735905339,0,2,falla_alimentacion,40,1
51.8,52.0,6.814538211389144,38.1,65.1,136.50333333333336,136.39999999999998,32.07684182723099,76.1,212.8,56.45333333333333,59.349999999999994,31.0168556325965,0.0,100.0,1817.0666666666666,1837.5,194.34326782043786,1414.0,2192.0,0.13333333333333333,0.0,0.34574590364176044,0,1,falla_alimentacion,40,2
50.21999999999999,50.75,7.327764865976152,35.5,65.9,140.59,146.2,45.73312652846911,57.0,224.1,55.09333333333333,51.85,21.591568171208728,14.2,96.1,1788.2,1771.0,199.79858823842818,1393.0,2237.0,0.1,0.0,0.30512857662936466,0,1,falla_alimentacion,40,3
48.93333333333333,51.2,7.156156420358885,31.3,63.5,144.10333333333335,144.45,43.92676886578964,26.0,209.1,46.35333333333334,44.7,23.594837736591703,1.5,95.0,1807.2666666666667,1836.0,196.28725138803912,1337.0,2169.0,0.03333333333333333,0.0,0.18257418583505536,0,1,falla_alimentacion,40,4
47.416666666666664,48.55,7.63205957349216,22.5,57.2,139.48666666666668,128.05,55.332491753744115,60.1,283.5,50.30333333333333,46.4,20.188635986329185,9.4,100.0,1816.3,1831.5,177.562839775009,1526.0,2163.0,0.13333333333333333,0.0,0.34574590364176044,0,1,falla_alimentacion,40,5
48.95000000000001,49.7,7.830125290757839,33.0,62.9,144.13666666666666,134.25,44.13983643965551,73.6,259.3,58.79666666666666,52.650000000000006,24.39275589657481,12.6,100.0,1798.3,1788.0,259.95704552337367,1396.0,2407.0,0.16666666666666666,0.0,0.3790490217894517,0,1,falla_alimentacion,40,6
49.676666666666684,50.4,7.99036848372759,35.1,65.7,133.23000000000002,126.75,43.994021145511624,35.1,216.2,56.446666666666665,58.7,21.854767227648814,0.0,100.0,1769.4,1748.0,192.86525580454278,1438.0,2098.0,0.23333333333333334,0.0,0.4301830671520762,0,1,falla_alimentacion,40,7
46.016666666666666,45.25,8.37204228095051,31.7,67.0,125.29666666666667,125.3,55.65547643737554,3.2,220.3,63.54999999999999,67.19999999999999,23.32231061481244,3.6,100.0,1727.6333333333334,1731.5,162.53349433765703,1423.0,2022.0,0.23333333333333334,0.0,0.5040069329937308,0,2,falla_alimentacion,40,8
50.64333333333333,50.15,8.54955870340619,34.6,69.7,138.89666666666665,139.5,38.948573373309735,74.0,255.0,52.75,49.9,26.95221505835326,7.5,100.0,1793.3,1783.0,181.03593661156776,1413.0,2112.0,0.2,0.0,0.4068381021724863,0,1,falla_alimentacion,40,9
49.96666666666667,50.25,7.81136807891984,38.7,65.4,124.18666666666667,122.80000000000001,37.63884396089555,46.6,215.7,62.80666666666668,62.599999999999994,26.17415062460557,12.6,100.0,1820.3666666666666,1844.0,228.77205691034143,1449.0,2290.0,0.03333333333333333,0.0,0.18257418583505533,0,1,falla_alimentacion,41,0
50.50333333333333,49.599999999999994,6.550150476467531,36.3,63.6,129.66333333333336,134.15,45.636445533362256,49.4,225.4,58.1,58.25,26.239165251650984,0.0,100.0,1772.4,1788.5,217.07214754864177,1157.0,2244.0,0.16666666666666666,0.0,0.3790490217894517,0,1,falla_alimentacion,41,1
53.25333333333334,53.75,5.523537930019836,42.2,62.8,159.2133333333333,160.65,47.46278203140772,70.8,249.8,48.989999999999995,57.55,29.04988990423674,0.0,100.0,1768.6666666666667,1744.5,183.90352293288575,1377.0,2107.0,0.3,0.0,0.651258728182957,0,3,falla_alimentacion,41,2
51.20999999999999,51.1,7.8218681074060035,37.8,67.4,143.29000000000002,137.45,36.869867614775,83.6,224.3,53.90999999999999,51.849999999999994,27.006568166613302,0.0,100.0,1786.7333333333333,1749.0,227.93570377953353,1418.0,2255.0,0.2,0.0,0.48423419811150237,0,2,falla_alimentacion,41,3
48.05666666666666,49.0,6.294424644810311,37.8,68.3,142.3,140.55,42.23398696751722,60.0,225.8,52.04333333333334,48.75,28.081380299768565,0.6,100.0,1808.9666666666667,1783.5,225.90652374658058,1449.0,2546.0,0.16666666666666666,0.0,0.3790490217894517,0,1,falla_alimentacion,41,4
49.33666666666666,47.05,7.93019038486655,37.6,66.8,131.11333333333334,124.65,53.678434206397775,43.0,263.0,54.526666666666664,56.45,24.88896630392996,0.0,97.0,1780.0,1744.0,210.21023958786168,1446.0,2131.0,0.1,0.0,0.30512857662936466,0,1,falla_alimentacion,41,5
51.13333333333333,50.849999999999994,7.674648518665691,36.3,66.1,142.76333333333332,134.45,49.914924057621896,23.8,239.0,56.25666666666667,54.9,22.22574902090433,18.6,95.7,1803.6,1806.5,182.43763223406626,1511.0,2223.0,0.26666666666666666,0.0,0.44977644510880355,0,1,falla_alimentacion,41,6
52.89666666666666,53.15,8.58842377788298,32.1,71.3,140.07000000000002,142.55,50.18859019943574,51.1,261.0,50.57333333333334,51.9,22.870353243255,0.0,100.0,1775.0,1776.0,191.21462936386072,1374.0,2224.0,0.06666666666666667,0.0,0.2537081317024625,0,1,falla_alimentacion,41,7
52.98333333333333,51.25,7.903472974425311,36.3,69.7,155.95999999999998,166.9,48.26495551675649,49.0,235.4,55.776666666666664,58.35,21.212157921299777,20.0,93.4,1796.1,1821.0,206.5403609216735,1288.0,2072.0,0.2,0.0,0.4068381021724863,0,1,falla_alimentacion,41,8
49.870000000000005,49.25,7.214456272675359,35.6,65.2,142.90666666666667,129.2,45.504315318919794,59.0,256.4,55.53333333333333,57.25,24.49062217896155,5.0,100.0,1871.0,1916.5,257.76626675316163,1303.0,2294.0,0.13333333333333333,0.0,0.43417248545530474,0,2,falla_alimentacion,41,9
47.56666666666667,45.35,7.468662500088612,33.2,63.4,146.48666666666668,148.95,47.63850031900331,43.2,236.7,57.00000000000001,60.75,28.323111070107664,0.0,100.0,1771.8333333333333,1820.5,187.69731380388853,1271.0,2015.0,0.23333333333333334,0.0,0.5040069329937308,0,2,falla_alimentacion,42,0
50.326666666666675,50.8,8.567578555160763,32.5,63.8,148.67333333333332,140.95,45.82726889868786,70.6,253.0,60.206666666666656,65.5,25.633059652067228,0.0,97.0,1816.2333333333333,1829.0,185.92632640531227,1425.0,2157.0,0.3,0.0,0.466091599699399,0,1,falla_alimentacion,42,1
50.02666666666667,51.0,6.9958082687659,32.7,63.8,149.79,144.95,41.18604844127312,87.0,218.9,47.893333333333324,47.55,18.04142614848572,10.1,82.4,1831.2666666666667,1836.0,195.44819109497752,1381.0,2276.0,0.2,0.0,0.4068381021724863,0,1,falla_alimentacion,42,2
51.599999999999994,51.150000000000006,8.670282181304612,36.3,72.9,137.94,139.3,46.94452044701277,48.0,248.5,62.59666666666667,59.2,19.65012035294078,14.5,100.0,1797.1333333333334,1837.5,226.7416475035931,1307.0,2177.0,0.26666666666666666,0.0,0.5208304597621878,0,2,falla_alimentacion,42,3
50.04,51.349999999999994,9.56399858665387,28.2,68.2,150.32333333333332,140.75,45.77403784056947,62.1,228.1,58.27333333333333,58.7,24.27494711572539,0.8,100.0,1830.7,1793.5,202.29035976826088,1468.0,2289.0,0.03333333333333333,0.0,0.18257418583505533,0,1,falla_alimentacion,42,4
48.67,49.349999999999994,7.373912544022782,27.8,60.2,139.82000000000002,144.8,38.52390569951115,71.5,242.7,50.336666666666666,51.8,21.751535551555314,5.0,87.3,1841.7333333333333,1856.0,207.1670878755855,1333.0,2200.0,0.16666666666666666,0.0,0.3790490217894517,0,1,falla_alimentacion,42,5
49.63666666666667,51.2,7.543733793038423,31.4,65.5,140.12666666666667,145.45,47.49394831383027,65.0,256.6,49.33666666666666,54.6,23.438598924428693,0.0,83.9,1848.9,1845.0,237.3275562709001,1460.0,2262.0,0.1,0.0,0.30512857662936466,0,1,falla_alimentacion,42,6
49.93666666666666,46.400000000000006,10.82141820437705,34.9,77.8,143.4433333333333,140.45,44.39409469375585,39.0,219.5,56.519999999999996,53.6,24.161416948629427,7.6,100.0,1779.5,1791.0,164.40860578197362,1451.0,2151.0,0.2,0.0,0.48423419811150237,0,2,falla_alimentacion,42,7
45.24000000000001,44.5,8.451794341215768,30.8,60.4,144.73999999999998,148.2,49.49311759886592,42.0,301.9,54.78333333333334,57.6,25.90944553277997,0.4,100.0,1782.8,1777.5,213.30686976667013,1385.0,2445.0,0.4666666666666667,0.0,0.8995528902176071,0,3,falla_alimentacion,42,8
46.776666666666664,47.55,8.85662360096642,27.6,63.2,145.46333333333334,146.35000000000002,39.767717659127634,48.2,219.1,49.02,45.75,23.738030014420264,3.2,100.0,1789.1,1796.0,211.08526631475823,1219.0,2107.0,0.16666666666666666,0.0,0.461133037377414,0,2,falla_alimentacion,42,9
50.730000000000004,49.95,9.080526720253697,34.7,74.6,140.4133333333333,143.95,36.88277547089944,62.2,207.7,49.436666666666675,46.0,28.318989404983018,0.0,100.0,1765.0333333333333,1768.5,206.76814990731032,1393.0,2241.0,0.3,0.0,0.5959634332684376,0,2,falla_alimentacion,43,0
49.07666666666666,49.2,5.883095791499066,37.1,58.1,145.80999999999997,149.8,48.946701132192125,54.0,232.8,54.32333333333334,50.25,24.266063763509578,1.3,96.1,1801.9333333333334,1798.5,194.78404192465499,1390.0,2149.0,0.1,0.0,0.30512857662936466,0,1,falla_alimentacion,43,1
49.21666666666667,49.599999999999994,9.126999859580453,33.5,73.6,136.21,134.55,50.912618515825045,19.1,231.2,53.93,57.85,29.401256717217453,0.0,100.0,1807.6666666666667,1749.0,191.19052301815074,1564.0,2277.0,0.06666666666666667,0.0,0.2537081317024625,0,1,falla_alimentacion,43,2
46.5,45.7,9.322423837548717,22.1,68.5,146.38333333333335,146.85000000000002,52.64207759324601,17.3,264.8,60.04,60.05,23.591152637347346,18.8,100.0,1871.0,1864.0,233.87942664308153,1404.0,2298.0,0.3,0.0,0.466091599699399,0,1,falla_alimentacion,43,3
46.85666666666667,46.099999999999994,8.806137488778173,29.8,65.8,137.84000000000003,139.0,62.72727284539548,3.9,260.8,55.440000000000005,60.2,25.007620907400927,9.3,100.0,1809.4333333333334,1788.5,214.38937881137312,1383.0,2199.0,0.26666666666666666,0.0,0.5208304597621878,0,2,falla_alimentacion,43,4
48.86000000000001,48.3,8.286990219407269,29.5,68.7,143.72333333333333,143.75,38.22100598951543,70.7,208.4,53.79666666666667,58.95,27.52026818400468,0.0,97.3,1827.1333333333334,1824.0,164.0297982460616,1537.0,2237.0,0.23333333333333334,0.0,0.5040069329937308,0,2,falla_alimentacion,43,5
50.74999999999999,50.7,7.133734815213775,32.8,67.7,149.48333333333332,157.64999999999998,46.13069202956354,55.7,234.8,63.89999999999999,59.45,21.25170987035615,29.9,100.0,1750.4666666666667,1758.0,175.71582334756494,1365.0,2136.0,0.13333333333333333,0.0,0.43417248545530474,0,2,falla_alimentacion,43,6
51.906666666666666,54.2,8.451930337903976,33.8,68.2,135.56333333333333,144.95,36.90334517435338,49.0,192.6,54.15333333333332,57.65,24.725384601218256,2.8,99.0,1797.6333333333334,1790.5,173.00039532211824,1377.0,2192.0,0.2,0.0,0.4842341981115023,0,2,falla_alimentacion,43,7
49.47666666666668,48.8,6.806978332783829,32.9,63.7,146.89,140.45,50.42609033235569,39.5,273.9,55.93333333333332,56.45,24.953699654295384,0.0,100.0,1771.2666666666667,1819.5,230.3972481476786,1282.0,2196.0,0.16666666666666666,0.0,0.3790490217894517,0,1,falla_alimentacion,43,8
49.04,49.5,5.800214026966651,35.6,58.8,153.32000000000002,160.55,51.50068228540346,41.6,273.3,53.92999999999999,52.8,24.212082335777787,14.4,100.0,1825.5666666666666,1819.5,175.0705637702997,1460.0,2161.0,0.23333333333333334,0.0,0.5040069329937308,0,2,falla_alimentacion,43,9
47.96333333333334,48.75,8.276784455302689,32.6,61.1,151.26333333333335,146.3,34.92066361234329,82.8,240.0,60.25333333333334,53.35,20.828209208920835,24.5,100.0,1823.0,1797.5,164.54954185332127,1411.0,2243.0,0.1,0.0,0.30512857662936466,0,1,falla_alimentacion,44,0
51.856666666666676,51.7,6.964475539495411,34.5,69.7,134.54,137.25,40.742264761927935,55.6,210.0,53.620000000000005,50.3,20.955213325500683,16.6,100.0,1836.6666666666667,1814.0,172.8651723630065,1475.0,2217.0,0.26666666666666666,0.0,0.5208304597621878,0,2,falla_alimentacion,44,1
49.976666666666674,50.15,8.45171614212915,31.7,63.9,140.00666666666666,132.05,38.43349772173275,59.3,225.0,50.36333333333334,54.95,26.95642055606423,0.0,100.0,1807.5,1800.5,201.4550090954682,1441.0,2241.0,0.3,0.0,0.7022132498578064,0,3,falla_alimentacion,44,2
50.37666666666667,49.9,7.2789580219326355,35.4,68.3,147.86333333333337,140.25,38.19571634524527,63.1,243.7,46.69666666666667,48.55,25.48172412470977,6.7,94.1,1817.8333333333333,1851.5,203.62475348023153,1347.0,2176.0,0.26666666666666666,0.0,0.639683829949492,0,3,falla_alimentacion,44,3
50.49666666666668,51.35,8.692147995841372,29.9,70.8,144.35666666666665,147.45,34.138962303011446,60.9,235.8,54.31333333333334,52.65,23.24454305012674,5.5,100.0,1747.0333333333333,1709.5,217.45447138754537,1416.0,2222.0,0.03333333333333333,0.0,0.18257418583505533,0,1,falla_alimentacion,44,4
50.08620689655172,49.1,8.417147639446302,31.3,66.3,131.54827586206898,127.6,41.85876440645935,25.1,213.2,53.95172413793103,52.3,27.588359614281103,0.0,100.0,1785.8620689655172,1789.0,187.84867088353155,1468.0,2180.0,0.20689655172413793,0.0,0.4913036844405174,0,2,falla_alimentacion,44,5
53.74666666666667,54.5,8.171849633759887,29.4,65.1,131.88000000000002,132.2,44.60354400640194,62.7,257.7,54.36666666666667,52.7,21.009559947685776,16.9,100.0,1771.8333333333333,1743.5,251.85492311815264,1276.0,2345.0,0.13333333333333333,0.0,0.34574590364176044,0,1,falla_alimentacion,44,6
49.06000000000002,50.95,8.671976269212983,32.9,66.7,127.60666666666665,131.2,38.168798715735065,36.1,208.5,53.106666666666676,54.4,22.833081465176843,11.7,91.2,1797.7,1825.5,236.12476976495228,1379.0,2253.0,0.16666666666666666,0.0,0.3790490217894517,0,1,falla_alimentacion,44,7
49.85666666666666,49.25,8.089230104166955,33.6,66.8,144.9,139.0,44.71354805101408,80.7,240.2,53.02000000000001,53.349999999999994,25.206394919297484,6.7,100.0,1795.1666666666667,1787.0,188.92966823723023,1333.0,2127.0,0.13333333333333333,0.0,0.34574590364176044,0,1,falla_alimentacion,44,8
50.19000000000001,51.9,8.639697871473565,29.9,67.9,138.95333333333332,149.1,49.717545181259446,53.2,250.5,55.099999999999994,57.349999999999994,19.760776195839803,0.4,100.0,1855.0666666666666,1826.0,177.82225401503746,1560.0,2284.0,0.2,0.0,0.4068381021724863,0,1,falla_alimentacion,44,9
50.32333333333334,51.7,8.07344234291469,31.2,68.4,130.22000000000006,138.4,43.35650450346085,43.5,218.6,51.38666666666666,42.05,29.247348637079064,1.6,100.0,1868.9666666666667,1910.0,225.05746137273528,1379.0,2228.0,0.26666666666666666,0.0,0.5208304597621878,0,2,falla_alimentacion,45,0
48.20000000000001,48.05,8.072687028621198,30.6,69.5,144.97,137.6,42.57014616873644,58.6,241.7,50.46666666666666,51.900000000000006,31.4862458568963,0.0,100.0,1778.2666666666667,1755.0,178.52980690636224,1477.0,2061.0,0.26666666666666666,0.0,0.4497764451088036,0,1,falla_alimentacion,45,1
50.61666666666667,51.7,9.404110742147537,24.9,67.5,145.61333333333334,160.2,44.80176053601507,39.3,205.9,58.296666666666674,57.75,21.65181338799376,22.5,95.2,1796.9,1846.5,220.33303163072532,1232.0,2162.0,0.06666666666666667,0.0,0.2537081317024624,0,1,falla_alimentacion,45,2
48.05333333333333,48.7,7.366126260929419,33.5,65.6,139.27666666666667,144.25,50.348692297734544,33.7,268.8,62.03999999999999,64.2,22.444638404381752,15.9,100.0,1761.9666666666667,1782.5,170.17303229225314,1367.0,2079.0,0.3333333333333333,0.0,0.47946330148538413,0,1,falla_alimentacion,45,3
49.633333333333326,50.5,9.76864559606956,31.1,67.1,139.49666666666664,141.10000000000002,41.72358535304274,26.4,206.0,51.083333333333336,58.349999999999994,27.787917038405975,0.0,100.0,1874.4666666666667,1887.0,244.61394402035918,1407.0,2527.0,0.23333333333333334,0.0,0.5683207771559354,0,2,falla_alimentacion,45,4
50.86,50.45,7.360734596023922,30.6,65.8,139.05333333333334,132.8,46.426135128702086,17.1,226.4,60.13666666666667,63.05,25.27908339855827,0.2,100.0,1810.1666666666667,1820.0,167.54517318464076,1515.0,2099.0,0.16666666666666666,0.0,0.3790490217894517,0,1,falla_alimentacion,45,5
51.67666666666666,53.95,9.39382347823451,27.4,65.5,123.17,123.75,43.747868125398305,42.3,200.5,57.43666666666665,54.150000000000006,21.411413059286915,13.6,100.0,1827.9333333333334,1847.5,190.27057563906982,1350.0,2217.0,0.16666666666666666,0.0,0.461133037377414,0,2,falla_alimentacion,45,6
48.660000000000004,48.25,9.11715321570394,25.8,69.4,140.5933333333333,149.05,60.10721990790683,38.1,230.1,46.82333333333334,47.65,25.105936697746703,0.0,100.0,1830.4,1864.5,227.48544477879653,1388.0,2160.0,0.23333333333333334,0.0,0.5040069329937308,0,2,falla_alimentacion,45,7
51.10666666666667,50.95,6.973542776134288,35.2,63.5,153.47000000000006,151.75,49.23347018245715,54.5,248.2,52.680000000000014,52.05,20.49944322204369,13.1,100.0,1774.3333333333333,1812.5,196.13460074447698,1351.0,2103.0,0.3,0.0,0.466091599699399,0,1,falla_alimentacion,45,8
50.963333333333345,51.75,8.57053828162395,32.7,66.2,138.83,141.95,41.30300272961711,30.8,238.3,52.216666666666676,52.349999999999994,27.348618868655663,0.0,100.0,1815.3,1797.0,154.76169667789472,1454.0,2076.0,0.13333333333333333,0.0,0.34574590364176044,0,1,falla_alimentacion,45,9
49.61666666666667,49.3,8.654402241687148,34.5,70.1,148.07333333333335,148.39999999999998,43.272376578050846,45.7,227.4,46.666666666666664,47.65,19.24913492607652,9.0,75.8,1762.7333333333333,1801.0,226.01036493371552,1288.0,2217.0,0.23333333333333334,0.0,0.5040069329937308,0,2,falla_alimentacion,46,0
50.50333333333333,51.3,9.63837457084005,28.8,68.8,134.9333333333333,130.0,37.66222229908569,73.6,209.0,54.29666666666667,54.0,22.913292081736934,8.6,97.7,1758.3,1770.0,213.65249742320452,1321.0,2210.0,0.23333333333333334,0.0,0.4301830671520762,0,1,falla_alimentacion,46,1
52.363333333333344,51.85,7.213181579978916,32.9,68.6,133.11666666666667,121.85,49.10827645206004,54.6,250.3,50.21333333333333,54.0,25.374542405703608,0.0,100.0,1836.7666666666667,1828.5,272.7107452498208,1258.0,2404.0,0.1,0.0,0.30512857662936466,0,1,falla_alimentacion,46,2
46.8,47.15,5.501159752333108,37.4,57.9,140.74000000000004,140.14999999999998,50.602171140554155,36.6,263.8,51.470000000000006,48.1,22.974170654049285,8.0,94.1,1839.1333333333334,1842.5,216.99924254330432,1510.0,2232.0,0.2,0.0,0.4842341981115023,0,2,falla_alimentacion,46,3
50.43,48.75,8.10245386415064,36.4,68.6,135.32999999999998,127.5,59.37493462791319,4.8,268.7,50.50333333333334,50.05,24.0653633391162,13.9,100.0,1766.9666666666667,1747.0,198.4864250258446,1432.0,2148.0,0.13333333333333333,0.0,0.3457459036417604,0,1,falla_alimentacion,46,4
49.553333333333335,49.8,9.01870597543042,26.0,61.3,123.05333333333336,121.5,45.41030365633905,37.3,244.4,59.583333333333336,60.150000000000006,22.504912618226783,16.4,100.0,1832.1333333333334,1793.0,191.57329259785044,1435.0,2224.0,0.13333333333333333,0.0,0.43417248545530474,0,2,falla_alimentacion,46,5
52.75999999999999,53.75,8.07318251138106,33.5,68.7,128.81666666666666,133.25,33.67232654142929,36.9,186.4,46.73333333333334,46.75,24.13609878103369,0.0,83.4,1848.9333333333334,1835.0,216.60721377062046,1438.0,2334.0,0.2,0.0,0.4068381021724863,0,1,falla_alimentacion,46,6
50.53666666666666,50.7,9.728645344028381,26.3,68.7,136.03666666666666,132.6,50.68176223246884,31.5,266.6,54.86666666666666,61.65,24.854214009358426,0.0,100.0,1791.8,1772.5,241.8809054344578,1324.0,2316.0,0.26666666666666666,0.0,0.5208304597621878,0,2,falla_alimentacion,46,7
48.29333333333333,48.1,10.279002143081362,22.9,73.6,156.58333333333334,163.05,51.51925039166953,58.2,305.3,56.68666666666665,59.2,17.34783566612419,24.8,93.2,1788.5333333333333,1758.5,172.53679933984165,1448.0,2200.0,0.13333333333333333,0.0,0.34574590364176044,0,1,falla_alimentacion,46,8
49.42999999999999,48.099999999999994,9.409318565234624,32.9,68.8,145.32999999999998,150.0,38.04614394344737,56.3,219.7,49.45333333333334,49.95,18.62343227992782,10.5,84.6,1827.7,1818.0,223.97338973714005,1453.0,2189.0,0.26666666666666666,0.0,0.4497764451088036,0,1,falla_alimentacion,46,9
50.510000000000005,50.65,6.292817471064764,37.1,59.3,142.83666666666664,139.85,35.692310418191,40.7,208.0,50.29333333333334,51.75,23.700006304863606,0.0,100.0,1768.9666666666667,1756.5,150.58540556048612,1494.0,2092.0,0.3333333333333333,0.0,0.5466722735905339,0,2,falla_alimentacion,47,0
50.64999999999999,51.900000000000006,8.090255952645155,30.8,65.7,134.74333333333337,131.35,40.26045105982085,69.5,213.0,52.78,52.1,27.689739167648614,0.8,100.0,1836.1333333333334,1801.5,243.5222475616371,1200.0,2195.0,0.2,0.0,0.4842341981115023,0,2,falla_alimentacion,47,1
53.303333333333335,53.05,8.665248999877907,35.1,71.9,135.9,145.25,41.941938520966715,56.9,221.2,51.62000000000001,53.5,26.918951150341698,0.0,100.0,1791.1,1791.0,215.25147282126582,1439.0,2294.0,0.2,0.0,0.4068381021724863,0,1,falla_alimentacion,47,2
49.67333333333332,50.2,8.088217626140885,31.9,69.2,139.25999999999996,142.15,44.17948189702608,50.8,225.2,49.83999999999999,48.05,24.603204164750856,0.0,100.0,1789.9333333333334,1743.5,179.41397580078225,1418.0,2135.0,0.43333333333333335,0.0,0.5683207771559353,0,2,falla_alimentacion,47,3
48.33666666666668,48.2,7.828616090028778,32.9,64.9,145.35333333333332,141.7,35.898897623391065,55.1,218.7,59.07333333333334,57.5,21.03638774113565,7.2,99.1,1843.9,1835.5,177.94194132569933,1496.0,2202.0,0.06666666666666667,0.0,0.2537081317024625,0,1,falla_alimentacion,47,4
49.80333333333335,49.900000000000006,6.833865132096051,36.1,62.1,143.10666666666665,156.7,46.41266127294126,39.5,226.6,56.656666666666666,57.35,23.381169601925883,0.0,100.0,1814.4,1832.0,196.91755670313157,1395.0,2122.0,0.23333333333333334,0.0,0.5040069329937308,0,2,falla_alimentacion,47,5
51.843333333333334,52.85,7.536700244451324,35.1,62.3,149.51000000000002,147.0,38.285302392828825,70.2,234.5,59.74999999999999,59.85,21.48551637250321,14.2,99.9,1782.9333333333334,1791.0,222.64273737480664,1460.0,2179.0,0.16666666666666666,0.0,0.3790490217894517,0,1,falla_alimentacion,47,6
48.61666666666666,48.6,6.082143640556989,35.5,62.2,141.01999999999998,146.1,43.66996442754961,13.4,211.4,55.41999999999999,57.349999999999994,22.148704328882893,0.0,100.0,1752.7333333333333,1738.0,199.2037482913746,1374.0,2136.0,0.13333333333333333,0.0,0.3457459036417604,0,1,falla_alimentacion,47,7
51.02333333333333,50.1,6.8244834758861925,40.7,69.5,140.82000000000002,144.15,44.886664942443346,54.2,212.8,55.986666666666665,51.8,25.983200585064154,13.2,100.0,1754.9,1765.5,209.85485131559304,1309.0,2114.0,0.3,0.0,0.466091599699399,0,1,falla_alimentacion,47,8
51.14000000000001,50.9,8.281953792474917,28.3,66.1,143.97666666666672,151.25,35.64392566457305,47.5,204.7,52.903333333333336,55.0,25.143182847009665,6.7,96.0,1771.3333333333333,1751.0,178.09612540720101,1377.0,2153.0,0.3333333333333333,0.0,0.5466722735905339,0,2,falla_alimentacion,47,9
